,cluster_ids,c_len,all_c_pickups,all_c_dropoffs,all_phhi,all_dhhi,all_hhi_ratio,morning_c_pickups,morning_c_dropoffs,morning_phhi,morning_dhhi,morning_hhi_ratio,late_morning_c_pickups,late_morning_c_dropoffs,late_morning_phhi,late_morning_dhhi,late_morning_hhi_ratio,afternoon_c_pickups,afternoon_c_dropoffs,afternoon_phhi,afternoon_dhhi,afternoon_hhi_ratio,evening_c_pickups,evening_c_dropoffs,evening_phhi,evening_dhhi,evening_hhi_ratio,late_evening_c_pickups,late_evening_c_dropoffs,late_evening_phhi,late_evening_dhhi,late_evening_hhi_ratio
0,2947,4,124375,101045,3767.2412400090902,3412.4563309212676,1.1039676041779678,5543,5294,4194.641607514492,3616.277859946231,1.159933437077443,31292,29394,3774.0839650382436,3479.290999826765,1.0847278842804917,47853,39417,3757.2482932010785,3413.7290139176935,1.1006287487620912,30237,19838,3778.73173023719,3373.9264959164493,1.1199804544677208,9450,7102,4150.426695781192,3750.0008921773183,1.1067801888898698
1,1933,7,73183,64585,2895.485210964388,2705.3345425632406,1.0702873028860171,2937,2574,4025.1327126262568,2778.366414730051,1.4487407748978793,17576,14523,2870.594151850633,2636.4821010206315,1.088797132641019,24211,22297,2775.0737738864427,2704.0831144482395,1.0262531351417756,20190,17940,2974.461241288492,2712.634024725053,1.0965213936627434,8269,7251,2860.5007218795986,2833.223408843726,1.009627660477013
2,2384,5,82080,70302,3097.412371541671,2905.793864365514,1.0659435996221285,2003,4091,3453.444396560427,3140.830988676636,1.0995320693825388,20879,23274,3016.853032576655,2893.648083242558,1.042577723962907,36209,29955,3102.213955699715,2904.4573369819377,1.0680872864613218,19316,10512,3144.9171630414558,2943.7007122685327,1.068354928180813,3673,2470,3435.6321940468297,3316.50084413775,1.0359207958953656
3,2000,8,132099,98439,1717.2882663411735,1603.4249871654915,1.0710125388384821,5436,5229,1811.2929311634048,1559.990565582641,1.1610922342257275,32618,27693,1839.7340058873808,1712.3975209518521,1.074361521421,51417,38338,1698.7912124053883,1623.9910571261858,1.0460594625512094,33252,21208,1701.8561377816727,1591.7444784648856,1.069176718252531,9376,5971,1778.2160119075354,1628.8197061210356,1.0917205908211172
4,2165,8,66529,67387,3136.7062730363327,2835.5720855407335,1.1061987417040657,2949,4037,2728.524627035322,2808.1606300992503,0.9716412222967766,17470,20837,3501.4786653643546,3089.5809388466664,1.1333183155484667,28887,27655,3283.5590106909167,2920.264039301044,1.1244048368574324,14211,11866,2706.592655013205,2461.3322843327546,1.0996453718344406,3012,2992,2580.408776580266,2299.6529068603622,1.1220861934783064
5,555,16,88114,76439,1802.6950643599725,1295.1055698570037,1.3919290491191487,12770,7716,2515.8344519536968,1255.1749631353164,2.0043695308177307,16780,14235,1641.311525014881,1192.3932277815964,1.3764851114329797,20913,19982,1608.0691684031963,1274.4509794577305,1.261774045705091,26284,24539,1871.6816321055421,1439.1561410378777,1.300541045362694,11367,9967,1844.6958315628451,1377.3463868510642,1.3393114826984454
6,742,12,71183,64097,2070.262443784337,1795.3095689268725,1.1531506764161095,9648,8857,2852.9742370925906,1958.6649486199178,1.4565912557442793,12668,11355,1999.2349865487047,1691.7612436089917,1.181747716529897,16932,18679,1878.6568432956967,1714.5172459689397,1.0957351684345382,25503,20488,2025.8255754779268,1909.935498475999,1.0606774820900498,6432,4718,1979.1424949258678,1765.3971396692937,1.1210749414132473
7,6077,5,55523,61067,3735.8926060837525,3857.2228635420515,0.9685446597848685,1851,2605,3677.3820333366316,3506.3988122649125,1.0487631984341435,12189,15004,3607.214121185283,3721.729035413715,0.9692307222963367,19633,21369,3740.918429974009,3873.790752155312,0.9656996645708406,15934,15733,3848.7317830080715,3994.1625587795297,0.9635891695364807,5916,6356,3924.0452656780226,4017.5143103487203,0.9767346081556124
8,3803,4,45002,36581,4130.833231355567,3672.80377109101,1.12470839413468,6866,4628,4532.237482891037,4465.6609014013375,1.0149085617917848,8905,6378,4220.080007288866,3857.1200724188993,1.0941012797256129,10439,8756,4081.1377922737197,3662.6394253755593,1.114261415961045,12297,11158,4073.492081791311,3451.3761676576255,1.1802515529786202,6495,5661,3865.1210945116186,3463.6666031036175,1.1159044842965768
9,4208,13,103209,98633,1208.9500543137199,1136.5089762278412,1.063739996428639,7876,7807,1350.3872620849165,1112.0860570406703,1.2142830615810258,17133,19177,1183.4403422019025,1064.7761964792821,1.1114451526198532,29466,27674,1192.4537359584185,1142.629554918382,1.0436048418541,31642,31032,1216.4856139897481,1173.5505244991225,1.0365856335916603,17092,12943,1294.5604763669626,1257.8095689819029,1.0292181807893277
10,2157,9,96885,93636,1681.9589318591673,1604.4426752964212,1.0483135095795335,3688,5147,2114.4763341034536,1551.7128461317693,1.3626724425041559,23056,28439,1926.5368985437378,1865.5394879991852,1.032696928120226,41723,39213,1858.2512002098308,1703.5127043146836,1.0908349526852503,24151,16913,1587.753181562058,1548.1615705563256,1.0255733069200945,4267,3924,1885.6860019083567,1992.359156283349,0.9464588731210561
11,6625,7,49571,46848,2937.638901143215,2680.567431248414,1.09590188513746,2627,3061,2952.7125199369552,3023.5425366454347,0.9765738315733887,10199,9962,2961.137968602668,2731.261951408123,1.0841647638653007,18078,17803,2982.53492649356,2670.920501364,1.1166692999549868,14977,12443,3016.0485689907136,2699.0520961068287,1.117447333951474,3690,3579,3117.7635299388226,3076.6655104701363,1.01335797451131
12,2464,7,65304,57248,2427.7505409767114,2494.0928440830407,0.9734002271552484,2019,3581,2166.802694854553,1802.4704682264153,1.2021293735739433,16412,13867,2421.0266035878835,2579.959189404287,0.9383972481157343,22259,19500,2348.129123267612,2529.4687179487178,0.9283092163210607,17770,14350,2480.8404394423965,2621.6530976459585,0.9462885999944077,6844,5950,2735.913764581023,2620.9629263470088,1.0438582465545316
13,5667,14,86990,82109,1477.4431818459632,1324.7952128025015,1.1152238229488667,11299,7230,1242.0477644093344,1155.6431726573423,1.0747675353399173,14878,13803,1483.829198004052,1344.6172211328253,1.1035327933357435,18415,18378,1547.5336815120718,1317.3601641853882,1.17472330163332,26888,28926,1469.4276902187887,1332.202255578348,1.1030064572146119,15510,13772,1632.4626569410307,1432.1030585741871,1.1399058518639875
14,2670,11,60573,62480,1445.9977777220745,1365.7368462901725,1.0587674936426583,3574,9594,1399.00055396041,1336.2605154731332,1.0469519511807637,14684,14962,1529.12364434563,1422.4912263140766,1.074961740402334,19843,19548,1569.105031824826,1477.3714053006163,1.0620924611069913,17871,14012,1344.955437181609,1315.9953879913219,1.022006193528148,4601,4364,1311.3064588502893,1259.3916898614696,1.0412220990552434
15,2028,12,66458,57331,1626.2048712273804,1346.7368336366042,1.2075149580903097,11773,5198,1867.1695581430683,1629.6512658181935,1.1457479261402745,11444,8847,1719.617807291858,1389.1788808575263,1.237866361911833,13673,12154,1607.2497291521886,1378.356427384412,1.1660624909640591,18335,20053,1573.35434240589,1298.8248821269922,1.2113675708378182,11233,11079,1476.6056685763338,1312.5023926784474,1.1250308394204127
16,6606,8,62623,62201,1741.2155744492588,1573.2212341955847,1.1067836719986637,3080,4635,2514.6546635183,1623.499730603762,1.5489098126201273,10692,13167,2031.8333464195375,1645.981269561752,1.2344206972419072,20374,19305,1725.8152589763722,1573.6807170114603,1.0966743382697266,19868,18612,1657.5150979350772,1580.3650637731598,1.0488178560324029,8609,6482,1749.2121453989785,1670.566420803495,1.0470772808648081
17,8076,14,122518,115605,883.3767971418923,840.9229162490378,1.05048486617801,9225,14677,1022.7944859394393,798.2552079903654,1.2812875828450392,25456,25154,896.0621432883194,875.7850322145979,1.0231530687644281,37138,35890,917.3137637119484,870.2797416426977,1.0540447166798017,38818,30320,869.1162960755407,839.616322115552,1.035135064889709,11881,9564,885.0903774525655,861.0626143871108,1.0279047802842505
18,2398,11,111429,112113,1018.2097393478896,1001.183530640937,1.0170060814884287,6093,11466,1047.684787538328,1081.901065828703,0.9683739305089174,24229,25871,1016.502207198313,1014.2530193331241,1.0022175806453775,35944,35396,1017.6707074669508,999.8820825813733,1.0177907227216763,34055,29196,1021.14291224127,1024.5886042228008,0.9966369995066025,11108,10184,1102.7541618747236,1088.5893587834591,1.0130120719782658
19,2413,18,68466,65312,1205.0026297120057,1079.1471814947542,1.116624914910055,11676,14804,1461.136919270926,1648.3513916253164,0.8864232024157227,15875,12720,1493.7942439084877,1218.4244096356952,1.2260048568422288,14825,14862,1300.4572627819218,1024.7661158837689,1.2690283593738794,20116,16595,1094.9649222815485,871.1489292478295,1.25692047079363,5974,6331,810.6330422568772,776.0174310576377,1.0446067444027147
20,142,9,95821,83505,1211.639720242733,1163.714631458979,1.0411828531567648,12232,16962,1307.2229356059713,1139.800263212771,1.1468877291897475,21128,18533,1178.2033449746311,1148.128720293194,1.0261944711859112,24411,21825,1163.9470612401435,1169.0425111759296,0.9956413476096257,30321,20624,1266.2726236348672,1259.188634615512,1.0056258362127912,7729,5561,1295.4553912009721,1241.741518056056,1.0432568874953985
21,3722,6,22409,20907,4629.997369321792,3701.276196109258,1.2509191759828124,3034,1112,4094.9832897997603,4402.884167486154,0.9300683674669118,3563,2749,4850.347409276856,3935.0358693878698,1.2326056407794246,5068,5177,4862.059105868164,3596.8354405111777,1.3517602309815915,7042,7902,4751.993173429902,3666.3350288054735,1.2961153675522517,3702,3967,4371.306587091651,3589.7611051192503,1.217715179112577
22,2162,7,38513,40171,3143.4831722691197,2942.315374644372,1.0683705762333728,1936,2137,3676.821511508777,2999.812339971652,1.2256838411243827,4923,6151,3209.2225554877637,3001.8143877643233,1.0690942679763464,11288,11576,3161.6061737256273,2972.104905461768,1.0637599527242856,13495,14193,3145.413455040297,2937.76251357536,1.0706833654883214,6871,6114,3069.234116096835,2914.1106887574633,1.0532318240133542
23,4329,12,36261,32188,2262.1866177961297,1776.5821021765544,1.2733363772069097,4885,2070,2231.515228976804,1910.0002333776747,1.1683324378607833,6368,5114,2536.53731124214,1887.672831059202,1.3437377862872826,7771,7437,2289.6635135853226,1777.0598833617748,1.2884560250461699,11083,11972,2167.3837696677474,1756.8525523805467,1.2336742583951785,6154,5595,2222.2214594131406,1759.1415161468847,1.263242006976538
24,2160,6,25976,28118,4003.361196504716,3497.5238303662322,1.144627282235134,1384,1170,3752.6625513715803,3667.9085397034114,1.0231069043163825,3245,3947,4268.5150320155935,3680.733873815386,1.1596912948207592,7054,8038,4202.716152417789,3637.2404009543866,1.155468346638574,9066,9907,3957.795540013478,3350.87923624909,1.181121509005427,5227,5056,3809.076351473594,3416.510399975966,1.1149026069115404
25,7584,11,95142,84105,1065.6299939501416,1025.1118191118285,1.0395256147504168,9485,17505,1384.3699051494623,1025.7872052062328,1.349568310194644,22180,18773,1038.6811813500656,1000.3746068009731,1.038292230019303,25358,21686,1035.9254808627636,1018.2591149939133,1.0173495779303248,30202,19573,1072.4865349509143,1100.0565073568112,0.9749376761816161,7917,6568,1159.4584900826817,1183.2537820399648,0.979889950644181
26,7727,6,35439,34423,2506.715148439456,2397.0249709806913,1.04576096569152,5218,3629,2497.4896725827875,2640.693850348692,0.9457702460484031,5249,5292,2579.1379000022544,2398.4319519358933,1.075343370872167,7427,7973,2437.613996102162,2346.5064088350737,1.0388269074927943,11962,11859,2521.298496344706,2499.917286400047,1.0085527669499212,5583,5670,2671.841083553425,2568.736099835453,1.0401384103741045
27,2556,12,66436,66277,1291.4908972968683,1186.0105962242014,1.0889370646505818,9014,9001,1225.6906877938413,1013.2440813986511,1.2096697235101885,12940,12433,1266.2774808950596,1178.3759357620854,1.0745955025601621,14488,16248,1279.4748775886726,1224.096800551569,1.0452399491708095,21109,20221,1340.8719889669128,1258.3530250951508,1.065576958314637,8885,8374,1356.808136480363,1250.9434019306063,1.0846279171274842
28,1786,25,86649,77489,702.6009191971464,565.3090686467673,1.2428615746056,12998,12362,842.205392376225,633.8232295184362,1.3287701572820432,17552,15796,694.3105222330896,554.3431345245704,1.2524923264875674,20486,17849,691.701990169583,571.0376871513896,1.211307074354628,25127,22365,701.8087440037506,577.4206357952969,1.2154202681674697,10486,9117,674.2275805903652,551.706708142279,1.2220760970274254
29,1930,7,27387,21689,3080.537247754949,2262.5646851926863,1.3615244982454953,3863,3606,4219.387836131485,3084.602940375765,1.3678868618394953,6051,4037,3554.020703380053,2333.5048743143752,1.523039759848064,6481,5120,2968.611726094967,2168.1365966796875,1.3691995839381788,7817,5884,2755.985963879611,2110.497605877696,1.305846524632031,3175,3042,2404.500713001426,2035.7532351160028,1.1811356462682527
30,254,2,16848,17629,6672.42960690254,6860.953314806649,0.972522228434749,401,1070,6306.739385949091,5313.6693160974755,1.186889701028847,3517,4015,6576.737757521874,6974.392106809922,0.9429836546041381,5705,5851,6735.384570479177,7037.469050321927,0.9570748407300019,4989,4653,6553.62061116537,6890.3386536485295,0.9511318587650459,2236,2040,7022.206950182571,7248.442906574395,0.9687883371218077
31,4285,7,58133,57268,1638.7788411651552,1601.4711936060141,1.0232958592749557,3036,5639,1718.8077718237541,1513.6443839283213,1.135542661191645,12299,13260,1647.471188735354,1628.7017510333985,1.011524171132036,19768,19021,1636.4064856094353,1621.1887159569048,1.0093867971709563,17634,14749,1639.6707341361605,1614.9688019060613,1.0152956095504413,5396,4599,1759.7638423102303,1739.5402661109615,1.0116258166558467
32,6637,8,34090,35461,2397.4296809448115,2092.485506603714,1.1457329923570407,4003,2373,2053.911103020474,1864.6864598555635,1.1014779949544802,5759,5960,2306.156401173838,2067.8792621953967,1.1152277811062674,7891,7803,2413.6149743075403,2082.9804038506927,1.1587314839091243,9484,12677,2488.099115542953,2129.5451904697547,1.1683711276369322,6953,6648,2746.2162014068736,2286.782051114963,1.2009085868362073
33,2448,4,33462,32419,2777.527747735055,2657.2372354186773,1.0452690150179327,3182,5933,2894.9472618804475,2798.2756148643275,1.0345468639695834,7749,7067,2771.2979370943103,2649.0644068620604,1.046142151136688,8468,8554,2740.6492284493634,2669.229123768247,1.0267568280464023,10654,8012,2781.616890256166,2725.3116829997143,1.0206600982954277,3409,2853,3025.3885092357723,2955.524030699755,1.023638609536014
34,5760,14,75140,70863,1051.3667433956482,1071.6603842733387,0.9810633656189027,3334,5521,924.0527419411138,981.6192744955855,0.941355539718744,12007,14080,1009.8830566819975,1059.1528522081612,0.9534818837305264,22384,20491,1038.622007269565,1064.9871362029764,0.9752437113678091,25481,21859,1082.5218036714903,1115.7600054737402,0.970210258801903,11934,8912,1139.2400957065436,1114.700913620995,1.0220141401031382
35,7931,6,55662,49670,1764.070019206572,1780.54920883306,0.9907448839129315,5191,13037,1785.8335565226494,1709.1443392134688,1.0448699478152161,13558,12066,1749.7555915817443,1792.5259077724593,0.9761396384815074,16154,12411,1766.3914499799648,1780.6004600795695,0.9920201019722472,16679,9132,1772.9078335619986,1864.2666596829022,0.9509947648066382,4080,3024,1930.4438196847366,2044.0291600179164,0.9444306653960923
36,2542,6,36296,34320,2438.8046580393116,2448.3030275862443,0.996120427316427,1815,2564,2348.458286850473,2001.8083094618635,1.1731684176502384,6863,7953,2378.7949194629923,2515.0922426200996,0.9458082209282633,13206,11290,2486.324820023042,2467.2854552772114,1.0077167255637598,10485,9264,2523.641626239452,2588.135988363595,0.9750807676203594,3927,3249,3083.5597891725156,3007.0374188104,1.025447761269425
37,383,4,20814,24055,4611.239345419554,4543.154650485937,1.0149862155641862,637,1336,4900.398995487581,4641.245204202374,1.0558371255736625,4185,5531,5013.309467018953,4877.226732866195,1.0279016624828485,7481,8417,4693.654526770586,4517.436008178259,1.039008525693182,6384,6562,4350.737236261078,4356.403613538405,0.9986992992890471,2127,2209,4511.03626797556,4548.446916919364,0.9917750718812076
38,3697,5,24618,24678,3340.0957251549803,3239.3352484219135,1.031105294452667,1780,2279,2939.6098977401844,2327.262232324786,1.2631193240323855,3981,4561,2775.3399862610395,3007.966602061336,0.9226631653287376,7438,6443,3296.8316518280976,3373.8280477167114,0.9771783283559095,7098,7580,3723.852857086488,3685.1073161562513,1.0105140875437653,4321,3815,3957.754149862346,3618.618648536765,1.0937196024960285
39,2394,4,25605,23976,3306.9732394048783,3075.3254923258255,1.0753246274767037,3961,4531,3080.187725297669,3740.624251551184,0.8234421631684494,5723,4854,3875.3152447235766,3436.1764852183974,1.1277986626688845,5570,5564,3635.762242585794,3136.1134095585207,1.1593210345979197,7778,6492,3190.16933057689,2798.349568301325,1.1400181616742795,2573,2535,2866.617353910961,2713.7845313539447,1.05631722813335
40,7550,9,51264,52152,1368.2186500668836,1283.1077322660105,1.0663318563676367,3522,8990,1373.4178705055365,1229.929188407339,1.1166641815241445,12327,13154,1500.756911939329,1346.5485494820955,1.114521204984807,15092,13680,1382.258344596818,1305.7580751342293,1.0585868630027233,14684,12029,1288.537916470921,1325.5275559194827,0.9720944017471571,5639,4299,1502.3110811416739,1453.6381738592222,1.0334835092788128
41,5534,14,35613,30742,2029.461366604674,1433.3798465444536,1.4158573329304402,5983,3288,2464.367465577228,1878.5556561943158,1.3118416041873802,6954,5804,2432.756065186659,1526.0768613675018,1.5941242061731353,7972,7279,1945.607292357169,1393.3080087568585,1.3963942503230744,9616,9663,1819.0601026159948,1362.9269113618222,1.3346717916064985,5088,4708,1684.322898125074,1313.3883720040506,1.2824256206525022
42,3319,5,22579,18381,3471.0297609934414,3106.0702771929446,1.117498785034034,4354,3427,3226.7837915451746,3325.11376341722,0.9704280879187148,4248,3377,3205.4809885055024,3097.126488134253,1.0349854940656698,4838,4614,3665.520191962453,3208.9019134580144,1.1422973624059365,6890,5250,3695.700000631951,3068.762267573696,1.204296611595769,2249,1713,3702.1522929710773,2982.94795235364,1.241105226140457
43,5500,12,31608,32346,1788.3190909061211,1591.2492372047436,1.1238460004213788,1066,3867,1826.8218762430088,1484.7473422778824,1.2303924204641576,7875,8935,1812.191201814059,1677.7527432626794,1.0801300782199532,13602,12681,1873.546991508834,1685.7670818512304,1.1113913729122011,7756,5605,1654.8202645887825,1617.5709689561297,1.0230279204730603,1309,1258,1932.6330434945003,1718.540292841238,1.1245782548975363
44,7390,13,29599,28453,2235.795570286209,1845.1744862520522,1.2116987238575971,2678,4024,2649.149070148657,1292.6034745799557,2.0494677000690595,6832,5855,1996.7510653818101,1684.1459670473685,1.1856163921958014,8049,8281,1937.496883026424,1872.7297562735764,1.0345843422073473,9007,7308,2385.2581554908456,2189.0347278207532,1.0896392483756703,3033,2985,3190.7800870281826,2699.1024356848447,1.1821633906304798
45,5519,4,16077,12049,5042.108051184555,3891.4220442474775,1.2956980748562308,610,819,4153.668368718086,2931.222894592858,1.4170428241333122,4205,2745,5669.393070081058,4233.954101014926,1.3390303566876272,5352,4118,4850.738921621856,4034.5940930033657,1.2022867257040346,4276,3143,4749.1207697847585,3822.91896227839,1.2422760766433742,1634,1224,5364.358064327651,4246.670618138322,1.2631914614275657
46,589,15,59306,56334,1137.7731259533625,1069.8255549051357,1.0635127575114356,9179,5161,1100.1417724284584,1178.0516243459351,0.9338655027442172,11106,10076,1288.9882344257614,1215.606960738719,1.060365953846175,12357,12565,1150.0491412812182,1055.489536384537,1.0895883868452025,17249,19702,1127.1935712699526,1069.0095538950109,1.0544279676107142,9415,8830,1153.7367208460753,1054.2282884586034,1.0943898332807631
47,888,13,67701,65212,959.8456449275152,925.6704283227677,1.0369194213826944,9621,8623,953.8080940441832,932.8009799972239,1.0225204673852528,14164,13282,1011.1817183960578,968.0296169313746,1.0445772533297837,16577,17230,976.7991621187296,936.4103628185665,1.0431315168048696,19446,18657,968.2407141461387,925.654654924627,1.0460064225842187,7893,7420,962.4032148342114,926.0965119404829,1.0392040164557512
48,218,13,19953,19628,2820.2975986200263,2207.8385710095286,1.2774020871147533,2063,2918,2201.794702921943,1252.517403969876,1.757895495857635,4058,4080,2602.268341186847,2094.648692810457,1.2423411859557703,5241,5033,2756.356004629519,2426.033480045015,1.136157446837203,6103,5415,3013.5658792455442,2712.5155065824642,1.1109856780293128,2488,2182,3670.7966729045397,3370.4940262005352,1.0890975163787866
49,6602,18,37382,36313,1263.969787093663,1006.7495159454669,1.255495798184351,5722,2587,1064.2282691173627,948.7881260544344,1.1216711506951398,5666,4866,1284.5330903529814,1010.1978397121778,1.271565865473407,7454,8226,1393.9357529148099,1083.7568923474691,1.286207047685278,11399,13679,1339.416954194665,1035.1254980084686,1.2939657623849847,7141,6955,1359.375451340917,1002.268356555261,1.3562988818813082
50,7912,2,13374,15785,6033.366849324007,5909.69971953462,1.0209261274952097,275,598,6428.6942148760345,6673.862708470822,0.9632643786208537,3190,4548,6577.846129656745,6035.785395534701,1.0898078209545128,6180,6899,5934.686482127334,5954.931781215059,0.9966002466809797,3157,3044,5907.539234099645,5606.306799442604,1.0537309935815484,572,696,5234.974815394396,5604.480446558331,0.9340696011544039
51,3939,11,27950,29558,1772.427072366,1785.4907031577923,0.9926834506790272,1126,2653,1364.4236502623285,1487.988265529895,0.9169586090629799,5471,6949,1963.4211607632153,2080.786933545662,0.9435954874137663,10533,11130,2061.715158164037,2017.7321195477123,1.0217982546792106,8970,7132,1608.6315216459175,1587.4590959863033,1.0133373046985248,1850,1694,1345.8173849525201,1316.773277168254,1.0220570300809309
52,4107,4,16608,17962,4202.108981418059,4197.742438629518,1.0010402121741337,1461,1081,3023.8306392862846,3643.9432772444056,0.8298237401689036,2468,2969,4348.664526687137,4699.57949899041,0.9253305593875669,3532,4115,4816.70416024851,4366.434037225633,1.1031207889971864,5916,6777,4176.328070105663,4127.064719442148,1.0119366557135487,3231,3020,4374.705501610682,3987.9237752730137,1.0969882445436634
53,356,9,59245,55884,1257.2767455471362,1241.953446252596,1.0123380625423408,4725,11952,1387.5898211136307,1310.214922608775,1.0590551192553923,12525,12231,1271.5863920860875,1249.3882829925053,1.017767182064821,16080,13503,1273.8623425162743,1273.6942074400522,1.000132005841936,19771,13265,1246.976658727458,1309.7367316960413,0.952081917342799,6144,4933,1412.7916759914822,1520.615041474674,0.9290922669167957
54,2946,10,38596,33983,1599.7039000839507,1561.2962259711187,1.0245998635453963,2256,3617,2007.4442935466022,1504.6104053990734,1.3341954078897655,10330,8997,1754.5972266605688,1653.8733861480434,1.060901784475241,13645,11777,1602.6006785417972,1664.693659115356,0.9627000558129379,9776,7258,1466.5332414999423,1491.511423887713,0.9832531068902821,2589,2334,1498.7063102787577,1511.7017613036012,0.991403429328787
55,1277,8,36154,34797,1879.4205957526585,1831.149505826786,1.0263610861768917,1515,3335,2223.6992016033287,2651.5980390614286,0.8386260544944584,5280,5673,1955.6811007805327,1927.469373592441,1.014636666903563,10350,9276,1896.063478727625,1869.2756148887986,1.0143306121502151,12676,11236,1904.8262440228148,1805.9718095766277,1.0547375290810113,6333,5277,1834.0298096917963,1758.7871810725057,1.042780973974013
56,389,12,50091,43675,1270.3376789819774,1289.2113332562258,0.9853603099915526,5622,6729,1378.8205126452833,1252.190591310524,1.1011267152249007,11139,9143,1282.6480191331664,1265.7509112835946,1.0133494731853967,14157,11947,1230.4245656843473,1287.3840713675206,0.9557556233994193,14426,11266,1367.0128120451375,1486.336146057213,0.9197198195518537,4747,4590,1515.4493814216546,1600.6113508099922,0.9467940988015353
57,2026,13,43525,39423,1133.5058719974822,1048.4716337508667,1.0811030413311316,7044,6921,1145.490614522942,1226.0094891798144,0.9343244278551722,9828,7579,1207.6536120085161,1093.0148601768544,1.104883067932958,9638,9745,1220.7740931407768,1040.511809479332,1.1732438613566984,12620,10788,1134.1644460406717,1017.5617754054306,1.1145902621870625,4395,4390,1146.73438246223,1045.0163708158427,1.0973362853320434
58,2054,15,35874,36627,1341.1753318759334,1139.5386209992853,1.1769459210604276,6592,2438,1411.3827292864548,1245.5710479615548,1.133121014330142,5593,5829,1630.4527296498977,1368.041330960333,1.1918154026131347,6804,7790,1373.3202725788785,1143.124805344398,1.2013738711278579,10491,13838,1298.3894824729186,1121.2843825088028,1.1579484230109889,6394,6732,1227.187104269339,1013.6619241945864,1.210647332190573
59,2143,8,29931,30900,2036.7050356610687,1930.8120568490065,1.0548437526254495,2900,4509,2054.1759809750297,1958.7089343650737,1.0487397820753301,7491,8807,2162.6872462324345,2095.2540293921934,1.0321837905544096,10488,9605,2138.514991671132,2016.4143209074962,1.060553364205767,7001,6013,2018.9910633902339,1935.1439031054424,1.043328643492733,2051,1966,2390.530977385304,1970.797556424631,1.2129764265194962
60,6308,2,9342,10558,8028.0225156555925,7712.184270033691,1.0409531508277254,400,372,7380.5,7046.623887154584,1.0473810037533073,1027,1272,6984.438656754483,6967.8933784264855,1.0023745022246213,2078,2599,7746.125364860897,7777.2609437346855,0.9959965881177137,3404,4337,8407.246399825464,7910.614538802032,1.0627804399503253,2433,1978,8368.541608912525,7852.453837510901,1.0657231207060767
61,1730,9,25818,24763,1855.2148539061345,1850.1908613381875,1.0027153915160478,4038,6454,2207.354795122414,2610.5597823754083,0.8455484567045201,7187,5950,2077.9872305113768,1998.5571640420872,1.039743705058024,7634,6732,1977.437918378606,1916.7576643722184,1.0316577599423669,5558,4044,1685.130510909133,1498.1567740022952,1.1248025174343679,1401,1583,1432.7229301391226,1473.6686261841605,0.9722151267133504
62,2634,19,41676,35291,1002.1910577202028,752.8512633210779,1.3311939642622155,1978,2495,1106.9336002396435,937.0516584270746,1.1812941050632482,6861,6599,1140.7019700182188,882.2014273792466,1.293017597360842,11809,9909,1061.8578381549198,758.7299547488768,1.3995201211033927,14392,11264,971.7057234254964,713.1797223051717,1.36249768892013,6636,5024,897.8993242332452,680.8339080692928,1.3188228635373143
63,8304,11,33238,35170,1461.3747722361036,1303.4497455755136,1.121159275374181,4316,2466,1440.0100580549902,1395.231432970968,1.0320940483606162,5201,5389,1550.574795545545,1381.2371000616672,1.1225985715821833,6706,7551,1468.166775167579,1258.3989635060234,1.1666942025104041,10024,12972,1392.4536021768029,1277.532556898803,1.0899554728820136,6991,6792,1575.0763681878746,1367.481714786744,1.151807992133558
64,4230,17,31582,32413,1289.297956680602,1030.4143564301528,1.2512422295311816,4292,2998,2013.5404389188495,1669.3116736485651,1.2062100030235299,5162,4761,1500.542440428002,1132.3621557409076,1.3251435795699062,6904,7177,1310.4537279344331,1095.8583832454897,1.1958239750408248,9496,11222,1244.6079810840413,999.5649760074548,1.2451496510565603,5728,6255,1052.7228541166005,928.452569678869,1.1338466697127176
65,1651,2,13771,12930,5113.083501002827,5050.542842086816,1.012382957807001,1809,3806,5052.292129427184,5027.061290232614,1.005019003695776,3695,2911,5275.282950115451,5155.281716692898,1.0232773376931055,3803,3214,5255.096019037519,5102.422158191701,1.0299218402775057,3541,2234,5078.96564239891,5001.7672673238285,1.0154342197365744,923,765,5042.403768389149,5000.213593062497,1.008437674619578
66,1924,13,41138,42280,1223.6934567668268,1181.3915362645212,1.0358068592873633,5444,2924,1173.4440196920511,1132.2027618033508,1.0364256821128153,7116,6451,1217.8893821206184,1177.9780759531793,1.0338811960784111,8890,9376,1259.1187631354856,1155.3736884675418,1.0897935236914982,11670,14551,1197.2524926774504,1182.6769779160174,1.0123241722241996,8018,8978,1377.6439404455464,1320.2017396451542,1.043510168995711
67,279,11,29497,30928,2096.438863327617,1827.8958075682813,1.1469137653510946,1554,2453,1954.4199466979392,2087.437880253121,0.9362769379565671,4659,6221,2175.7365990056055,1943.4949746957695,1.1194968998292318,8913,8990,2197.052905639363,1838.1405120755853,1.1952584099017012,9962,9697,2085.3592174656387,1759.6957004198441,1.1850680870380572,4409,3567,1956.7879079478298,1725.0559182312336,1.1343330307542725
68,3723,8,21142,18020,2406.1479278715565,2336.9694050635558,1.029601809359639,2419,2705,2329.127219215522,2897.2335067872527,0.8039142215355279,4995,4542,2696.190083977872,2569.1791723841334,1.049436377563296,6917,5873,2575.432665336521,2214.2625640765755,1.1631107833006995,5616,3725,2249.688136662852,2158.025314175037,1.0424753231047503,1195,1175,2380.371492095726,2323.1579900407423,1.0246274692897577
69,3141,7,15976,14403,2861.2557669754506,2042.4255692948632,1.4009106671942442,2809,2375,4197.679457057181,3190.4106371191133,1.3157176095825753,3125,2414,3253.955583999999,2079.954751659232,1.5644357558279751,3443,3300,2835.885259369869,1938.4022038567498,1.4630014626105141,4679,4189,2533.7133384073963,1915.7251246472406,1.322587100732393,1920,2125,1999.6690538194446,1825.5789619377165,1.0953615787163455
70,515,14,31119,32387,1242.1766908540678,1062.3804486240906,1.1692390352842381,4896,4669,1458.0062689563845,1398.0781539591555,1.0428646387382001,6201,5913,1406.4570376242561,1229.9857031185804,1.143474297350156,6604,7323,1329.1194038009378,1148.0276787172959,1.1577416019150146,8963,9880,1200.0720380085638,961.0448868199771,1.248715907515526,4455,4602,1094.1644906478425,940.709224358927,1.1631272047890164
71,3812,2,8093,8802,8268.170941081275,7823.161072283204,1.0568836388112604,479,364,9010.638900632408,7791.93334138389,1.156406055577481,2009,2045,8376.79174426876,7802.423467100268,1.0736140866476134,2477,3024,8026.087074154487,7748.385491027687,1.0358399286468603,2192,2328,8252.770525867123,7716.680837496013,1.0694715383026085,936,1041,8366.20644312952,8357.118007974672,1.0010875082948663
72,8075,9,30678,30768,1594.6396751876844,1497.1677390236537,1.0651042188683513,3058,2987,1826.867182156528,1787.2660784614143,1.0221573632333496,5657,5618,1882.1589474967366,1636.9984288663773,1.149762219869773,7787,8615,1579.3031851365452,1428.5885980161881,1.1054989430334576,9817,9174,1534.8107818323356,1546.2046202267632,0.992631092776869,4359,4374,1703.038401219396,1597.8192624706535,1.0658517150344313
73,2241,9,12572,14938,3537.660745123045,3080.4503842821678,1.1484232186221108,496,747,4807.492195629552,3521.5381830758997,1.365168271846035,2347,3397,3998.3359986522423,3356.3710867499926,1.191267561097921,4576,5637,3852.178743459338,3290.403137057045,1.170731543522885,4075,4043,3138.995972750198,2783.224658443866,1.1278270200815366,1078,1114,2571.2599089222467,2320.9583270211992,1.1078440655254218
74,7919,7,24281,24366,2143.028177591519,2106.606635468117,1.0172891993740962,3759,2190,2066.6654352512205,2520.806488605325,0.8198429528776067,3867,3322,2200.8703002984744,2134.0045619283774,1.0313334561523497,4435,4673,2138.42741643354,2154.8886292573466,0.9923609913754664,7011,9041,2184.0339694000427,2105.308069406339,1.0373940047719015,5209,5140,2167.0273930028143,2001.1748853124195,1.0828775680264957
75,465,13,34402,32909,1401.8607679411912,1166.2000645407688,1.2020757077330653,4867,4352,1615.2343945414011,1390.0028215560123,1.1620367739493203,6866,6601,1516.0605554847998,1219.21155161403,1.2434762067975749,7759,7705,1417.778398723459,1174.4376613111403,1.2071976618500582,10139,9947,1384.7438739405682,1157.8190588868365,1.1959933318699247,4771,4304,1299.9998550243356,1116.7153663575684,1.1641282050811148
76,3810,3,16050,18762,3565.0394697256434,3401.9913784687806,1.0479272499891665,829,1872,3974.166267728497,3801.8949978084597,1.045311948388722,3326,4338,3561.54917848732,3385.141567938008,1.0521123288373335,5021,5867,3469.7120133677945,3380.6966880678056,1.0263304678039202,5197,4944,3702.743427153711,3495.5612896806692,1.059270062889376,1677,1741,3648.580944832557,3549.2716954776206,1.0279801767448442
77,7635,3,8233,7568,7230.6609474342185,5681.818531012967,1.2725962485368432,1748,984,8070.6227188706025,7429.502115143104,1.0862938853494288,1112,1039,7002.177035350138,5679.120647027709,1.2329685299105027,1656,1674,7299.302492473572,5461.310734560051,1.3365477350121124,2710,2786,7188.0312087253715,5592.759716952107,1.2852386965486589,1007,1085,6214.50245500957,5019.779566353078,1.2380030582746229
78,4271,4,9933,7286,5113.197413914545,3821.505097145007,1.338006173990071,983,1088,5967.045055878726,4445.217884948097,1.3423515360368883,1819,1257,5943.049377093118,3901.3916657015066,1.5233152388519553,2646,1813,4931.341479230477,3666.797587686406,1.344863293188197,3211,2132,4859.815522416374,3760.3840697809487,1.2923721173777523,1274,996,4561.893589702515,3748.7298591958197,1.2169171322153194
79,7487,9,20696,19972,2192.1595989522107,1862.3017447739471,1.1771237422205727,3061,5510,2205.0336397423143,2023.0051943175417,1.0899792279011817,4757,4145,2194.8571502054724,1911.1112404527669,1.1484716869152434,5975,4990,2276.6102834334133,1919.0557467640695,1.186317952082557,5543,4083,2225.2343697441765,1963.2816222338233,1.1334259662718704,1360,1244,2388.1704152249135,1845.6824267739166,1.2939227142121172
80,5709,9,22130,13414,2479.3854414482557,1972.9825698107777,1.2566687001629444,3731,2319,3085.5298939445606,2607.2207374035406,1.183455566181694,4290,2314,2549.1635016110536,2045.4428307943303,1.2462648494659259,5135,3077,2506.015858101939,2001.1271736406136,1.252302148065278,6223,3799,2388.5135900217656,1853.3569015993942,1.288749936917464,2751,1905,2185.5850706150804,1838.860299942822,1.1885541662316814
81,7060,11,26071,27349,1929.794968755793,1765.3157639067942,1.0931726823109493,2836,1720,1867.7277438375431,1679.7931314223904,1.1118796171383414,4615,4198,1873.4974393406023,1874.8543113953624,0.9992762786705542,5711,6045,1929.9832739142814,1780.2053936529237,1.0841351682201223,7474,10138,1907.9557862851498,1741.088193036705,1.0958409768763087,5435,5248,2185.948683487803,1770.8038021453006,1.2344386661241415
82,2456,13,36639,37634,1218.004492661409,1075.6564326153332,1.1323359910561526,4814,3036,1117.3674829110291,1032.758414181339,1.081925325001355,5830,6030,1273.5110580218836,1112.719982178659,1.1445027306226698,7604,8216,1242.9022101659718,1077.2702040050096,1.153751589476053,11383,13406,1222.476366142251,1096.5761365588128,1.1148121187266835,7008,6946,1274.160255207356,1092.9067466198253,1.1658453561094
83,4557,10,24117,27631,1708.5951229700725,1497.337595784321,1.1410887750234393,1755,1066,1651.4833483494454,1552.6120335528656,1.0636806315163816,3062,4064,1854.9242073566922,1511.38501495753,1.2273009120768712,5701,6403,1809.7715233875613,1576.1072582109223,1.14825403788945,8069,10760,1666.9407977215235,1458.0642542253422,1.1432560622008772,5530,5338,1695.0527943912705,1512.9743396596166,1.1203447077447575
84,5592,5,10237,12439,4608.772769164873,3773.7913570680903,1.2212579692655536,853,1397,6296.802266052234,4894.346152328668,1.2865461636905873,1390,1779,4307.841209047151,3372.690760768076,1.2772713286248958,2277,3184,4211.759187413652,3882.1758762404993,1.084896542990299,3788,4693,4842.433004129084,3777.880916620585,1.2817855064793227,1929,1386,4307.071596362415,3288.9292846002804,1.3095664952510144
85,11,8,26927,26011,1781.7094567197453,1694.9206365539853,1.0512052412921316,1835,2984,1710.0520458240837,1935.6271877178733,0.8834614726817589,6338,6237,1908.7297552885166,1756.4764307322157,1.0866811087768662,7917,7228,1840.323781105948,1733.5350994671462,1.0616016841375906,7654,6840,1752.9017790540977,1640.256831161725,1.068675189002317,3183,2722,1715.2671241117666,1660.7623624630937,1.0328191214351923
86,6783,11,31338,31310,1383.8620896042544,1208.2072507020948,1.1453846919061987,3415,1446,1562.5740371155593,1233.0863602363747,1.2672056779672949,4093,3582,1568.700567892278,1312.5323247542385,1.1951709975493403,6622,6572,1509.0473432645053,1264.010266539579,1.1938568722196796,9694,11922,1358.7600249925413,1217.170823009631,1.1163264837656972,7514,7788,1329.7757591914842,1207.4724682778794,1.1012886787290779
87,6577,16,36458,32167,1081.9981969051541,1013.6695890633994,1.0674071793994415,3715,3946,1109.399346797114,961.1470513359652,1.1542451753403213,7636,7276,1133.5771720128057,1104.7148766562468,1.0261264657211093,9568,7851,1119.6391032398967,1035.5404434986672,1.0812123372575335,10671,9405,1057.9943358511027,997.7930342909779,1.060334457639207,4868,3689,1113.404562453708,1095.6216972924933,1.0162308442824377
88,8308,5,8567,8898,5614.013117703124,4654.91019041962,1.2060411238991153,600,895,4095.944444444445,6285.259511251209,0.6516746742298097,1998,2419,6819.096373650928,6224.686028223922,1.0954924220646367,2999,2810,6743.987464533303,5401.084079482274,1.248635897032685,2206,1948,4809.573166070612,3083.2602490207405,1.5598985416810527,764,826,3236.376469943258,2674.606757382643,1.2100382461870245
89,6921,2,9668,8532,5448.016258097339,5046.184475466345,1.0796308150414693,343,675,7001.2494793835895,6609.755829903977,1.0592296689248957,2616,2408,5986.5220146078245,5179.302656703569,1.1558548344069972,3861,3336,5320.154439553559,5002.733424770974,1.0634495160607358,2298,1685,5159.161370124701,5010.990675272302,1.029569142002913,550,428,5270.809917355372,5008.843567123766,1.0523007649811742
90,3920,2,9416,11561,5556.736206706133,5324.010978841835,1.0437123869182787,259,414,5760.349428303096,5434.199164507922,1.0600180917043565,1951,2562,5933.4920309236995,5603.381189437166,1.0589127939589082,3358,4131,5554.232804702025,5261.6515015592295,1.055606362955831,2813,3296,5397.353382782115,5252.033945235178,1.0276691733264167,1035,1158,5384.461714392401,5225.643641440039,1.0303920595910738
91,436,10,29974,30218,1468.5995806360843,1353.052259982035,1.0853975297713805,4133,2391,1775.4069869788636,1648.0752354299484,1.077260885189927,5554,5265,1586.3018526714307,1395.8303008002283,1.136457527653616,6684,7698,1506.1477501404786,1371.8584542580084,1.0978885944578756,9305,10468,1417.5225455567067,1336.071399942383,1.0609631682991165,4298,4396,1371.0078881365275,1309.724242652556,1.0467912584101329
92,755,7,13482,14153,2758.984100752357,2279.757859580721,1.210209272514482,1869,972,2384.9773886746125,2220.062998526648,1.0742836533275906,1951,1946,2990.9854479336254,2228.4254522677556,1.342196771666672,2661,3274,2736.730151346131,2291.714323137554,1.194184686858924,4551,5473,2786.2186993656355,2297.953954247233,1.2124780369145165,2450,2488,2944.0699708454813,2542.134722552497,1.1581093420137116
93,7934,2,8299,8656,6111.573465059465,5795.2013027835765,1.054592091930254,887,1143,5679.545076127808,5424.390848781697,1.047038319040638,1661,1884,5890.567363110434,5639.923413616058,1.0444410200481207,2183,2349,6203.487197221522,5761.978367831678,1.0766245204693454,2608,2413,6178.20874421318,6014.645768903727,1.027194116094931,960,867,6629.253472222223,6293.62675255325,1.0533280305402306
94,5509,5,11281,13125,3516.361077927111,3394.9031328798187,1.0357765568834545,271,566,2922.7543197941204,3022.7621770780006,0.9669150758725735,1143,2212,2930.592774765797,3413.4337118920635,0.8585468540244104,3800,4397,3697.1177285318563,3435.7429075968175,1.0760751976980318,4176,4287,3427.7964485988173,3531.5271991763802,0.9706272259203454,1891,1663,4282.2705789146785,3779.580259975434,1.1330016256732467
95,5448,1,5980,6025,10000.0,10000.0,1.0,282,683,10000.0,10000.0,1.0,1177,1233,10000.0,10000.0,1.0,2193,2172,10000.0,10000.0,1.0,1830,1453,10000.0,10000.0,1.0,498,484,10000.0,10000.0,1.0
96,3824,4,13066,12859,3156.3923168014016,2895.1700867547224,1.0902269028136757,2028,956,4251.587246011461,3393.2572959156882,1.2529516258990752,1989,1801,3396.966371857686,2969.80115618413,1.1438363018965272,2638,3114,3007.200414309782,2880.8942480743526,1.0438426944410941,4214,4600,3085.760192312154,2877.6512287334585,1.0723190362684398,2197,2388,2872.8690113903413,2860.1620610029486,1.004442737899592
97,3947,8,13667,13130,2573.4020871240054,2245.5857384906576,1.145982557251938,2200,1681,3712.822314049587,2527.188251235685,1.4691514619989936,2510,2260,2666.595768321138,2220.455791369723,1.2009227018549227,3217,3683,2444.3127312945135,2356.471371682339,1.037276650447683,4348,3822,2355.6379271968035,2270.755583157467,1.0373806607232068,1392,1684,2466.8053904082444,2459.659446742007,1.0029052573419068
98,1599,3,7267,5898,6265.121085042445,5608.272703323977,1.1171213342263402,1216,1263,7606.623853012466,7904.598196178587,0.9623036698677265,1609,1092,6688.615660588493,5701.824122153793,1.173065937723444,1721,1419,6389.353783677111,5413.717289915728,1.180215634011537,1986,1485,5647.969827057275,4953.20432155449,1.1402658683954194,735,639,5041.066222407329,4160.672608070611,1.2115988680842098
99,8414,10,18336,17684,1945.3118218501868,1585.690411798964,1.2267916910989154,1019,1441,1877.391388929284,1479.2092968825623,1.2691857689685235,3715,4139,2235.3617160795507,1772.4873639341647,1.261143950339935,5602,4799,2165.381594093302,1651.0138056215346,1.3115466307552348,5168,5063,1740.292428279769,1553.4906045958,1.1202465101052688,2832,2242,1811.7075034313257,1447.5574169552003,1.2515617565222943
100,4153,2,7472,6753,5685.173613180857,5247.682011509372,1.0833685426654978,869,1940,6824.941966017843,5286.024019555744,1.2911295788231083,2119,1703,5899.968842988035,5372.774858639498,1.0981232227702231,2313,1798,5456.639094544285,5200.445186284105,1.0492638416679938,1926,1078,5469.203736592445,5145.669331993212,1.0628750865485386,245,234,5233.985839233652,5082.182774490467,1.0298696586642153
101,4619,10,20505,21960,1519.2566910099358,1443.6722588843431,1.0523556725984355,2601,1308,1611.1524254785631,1467.7262482581903,1.0977199783614844,3115,3393,1587.5350721023165,1438.5966009491117,1.103530392783455,4346,5035,1461.4165100745902,1470.4184906252065,0.9938779465791479,6884,8304,1524.3146070298844,1446.8666701007198,1.053528039956697,3559,3920,1520.2462309776488,1446.2125156184923,1.051191449776311
102,687,5,7520,9150,4809.924244567677,4548.879452954701,1.0573866145086381,487,421,3657.855790596579,3757.200647705666,0.9735588097564734,919,1444,4044.172060987898,4658.324445024211,0.8681602384539102,2003,2660,4971.7012100421525,4678.373565492679,1.0626986367042248,2646,3204,5026.600713351604,4546.924412524293,1.105494672290145,1465,1421,5233.342263742154,4488.49344877605,1.165946285422164
103,2782,11,18221,17880,1974.2416045072068,1854.8739045788727,1.0643535388759675,2969,1608,2223.1193081852543,1893.4478725774109,1.1741117040413085,3112,3173,1936.7623297493406,1906.7764581971128,1.015725950162286,3956,4073,2001.6848631202067,1847.1627152611175,1.0836537824104173,5452,6224,1911.244751096611,1842.3402278930223,1.0374005420716406,2732,2802,2020.6719772599138,1894.9093667671862,1.066368667915387
104,4306,11,12777,15809,1962.5904850294112,1571.5802166655296,1.2488007065865847,1912,1008,1669.5206228882548,2152.3250503905265,0.7756823824474516,1623,1917,1864.9162588468523,1662.1155087949594,1.1220136320122085,2342,3252,2060.2177151937553,1675.0350621587397,1.2299549792937485,4171,6141,2095.1189904192283,1504.348987524648,1.3927080802352059,2729,3491,2009.1881224705235,1472.2647695539238,1.3646921151820268
105,4868,3,9202,8216,4443.1136064133925,4196.782123654512,1.058695323107309,1235,1675,5235.614417544953,7060.804633548676,0.7415039346462693,1798,1378,5160.362335607108,4377.413259577731,1.178861128616608,2158,1972,4468.58081788908,4208.734658443359,1.0617397342748682,2964,2257,4434.284285925028,3936.422676735147,1.126475648088382,1047,934,4321.520804883011,3772.2443589543714,1.1456099853724464
106,93,9,14622,15264,1816.6998158920997,1648.255723720932,1.102195363102338,1596,1236,1870.5127480355022,1703.2708078046942,1.098188696397822,2998,3052,1958.9977930583925,1701.9220363846239,1.1510502544639896,3938,3947,1791.7177913319222,1702.0370427546804,1.0526902448798041,3806,4436,1838.0663437904975,1640.6760084918785,1.1203103685779263,2284,2593,1826.6836072763856,1700.3103523101815,1.0743236402663214
107,6593,5,7063,7448,4476.705864929677,4319.274575113554,1.0364485487269546,766,307,3019.7560825965143,3364.3858290273633,0.8975653316996401,908,1001,4035.5673504240335,4095.155593657092,0.9854490893275573,1323,1579,4030.128050212274,4054.6300979327707,0.9939570202142511,2599,3067,5315.465252048136,4749.239594071711,1.1192244877860495,1467,1494,4823.89436496353,4202.727912990651,1.1478007772173047
108,6971,17,16189,18130,1537.26972611168,1286.0827102415628,1.195311711968305,2253,1000,1083.900757465166,1391.4599999999998,0.7789665225483781,2461,2558,1552.860132079126,1409.2170327067238,1.1019311405117656,3486,3861,1678.8438896146836,1297.7107020101064,1.293696574293651,4695,6811,1518.1514333899272,1187.7823106545522,1.278139453477227,3294,3900,1936.9101849916447,1439.7396449704142,1.3453197539972215
109,136,7,14579,15994,1781.1326471181999,1849.9223378580646,0.9628148223673471,623,1917,1898.002983544131,1899.2219901063677,0.9993581547767524,3396,3905,1758.540151858835,1871.1052018079843,0.939840341504913,5053,5197,1810.059754882434,1950.8683259598747,0.9278226166247486,4321,3783,1798.1970046554982,2043.4552534751197,0.8799786545839294,1186,1192,2058.089174148085,2174.5782847619475,0.9464314016974493
110,804,1,4448,5508,10000.0,10000.0,1.0,181,621,10000.0,10000.0,1.0,1364,1911,10000.0,10000.0,1.0,1987,2090,10000.0,10000.0,1.0,772,700,10000.0,10000.0,1.0,144,186,10000.0,10000.0,1.0
111,1653,7,9600,10250,2751.2810329861104,2367.024770969661,1.1623372373323484,1064,727,3077.018203403245,2364.2789705011464,1.3014615626137478,1431,1630,3223.750232571086,2520.8476043509345,1.2788358276823062,1967,2416,2856.762922744863,2336.1262938029035,1.2228632203331917,3317,3760,2603.090082616761,2329.320393843368,1.117532001822074,1821,1717,2475.243822377347,2419.4758027997123,1.0230496289787658
112,6694,6,8035,5434,3548.8860380204987,2860.933402455592,1.2404644005255154,1316,841,5141.5475651555325,3107.774703406425,1.6544145106528776,1988,1300,3903.4508864049485,2679.1005917159764,1.4570004942982637,2301,1508,3205.931853977287,3064.0914239880676,1.0462911872925147,1748,1291,3099.645754022904,2734.9744792194783,1.133336262394484,682,494,2686.337406799047,2858.5126784572767,0.9397675326207923
113,657,11,12191,11204,1724.6180894812207,1081.982597636561,1.59394253960129,3082,822,2545.8514217278025,1585.3860680436417,1.605824267693591,2321,1599,2364.361065750196,1352.7881129583418,1.74776895442975,2090,2171,1753.677800416657,1046.950495423425,1.6750341186928859,2864,4306,1274.6534713336039,1078.3223227982687,1.1820709303558252,1834,2306,1211.057583105499,1096.2916604295594,1.1046855748505564
114,2225,1,4304,5240,10000.0,10000.0,1.0,152,243,10000.0,10000.0,1.0,818,1119,10000.0,10000.0,1.0,1516,1791,10000.0,10000.0,1.0,1300,1516,10000.0,10000.0,1.0,518,571,10000.0,10000.0,1.0
115,5038,3,6248,7450,5300.280981079119,4997.342101707131,1.0606200002334243,1470,1307,6876.310796427414,6959.061588796482,0.9881089150723583,1034,1188,5845.900878824044,5155.355462594519,1.1339471974803454,1235,1582,5170.443705027128,5011.9869390312315,1.0316155584448758,1718,2349,4704.6407212003005,4503.701746402236,1.0446164035970154,791,1024,4259.215159162577,4301.052093505859,0.9902728603528305
116,1204,14,27422,31333,960.3216625924315,865.0415795554452,1.1101450904660002,2857,1651,1055.6647888397222,783.9347039640824,1.3466233648052526,3911,4264,1002.5411349862488,869.1081404067038,1.153528644337751,5401,6477,990.453090403654,854.9430939692328,1.15850177326457,9125,12397,938.8766372677801,879.1686539759228,1.0679141402754022,6128,6544,993.795227488087,921.6032827996007,1.0783329942892403
117,6648,7,10750,13115,2624.5861763115195,2500.0751584744994,1.0498029098905148,1257,629,2263.8854870956534,1849.8335612335425,1.2238319892877307,1482,1586,2491.5267510622293,2339.26586509639,1.0650891752996898,2011,2643,2651.995328527509,2479.690281898844,1.069486519298983,3289,5160,2666.5508668760617,2490.5023736554294,1.0706879443612967,2711,3097,2962.267881131301,2931.6391366482235,1.0104476516567777
118,8089,5,10100,10583,2814.250367611019,2813.1491273174383,1.0003914617546887,1315,2904,2674.5333892350623,2801.0547814736397,0.9548308040687393,2566,2191,2793.819167736374,2865.7524110604754,0.9748990027727195,2683,2517,2868.356123069717,2693.2078394529435,1.0650333335032733,2843,2296,2811.289961991421,2955.64775583047,0.9511586610568593,693,675,3173.4162902994067,3424.4609053497943,0.9266907633087011
119,3593,5,7672,7633,3673.5815190267053,3304.9591995316246,1.1115361180698755,672,677,3365.3539540816323,3239.048805552343,1.0389945184872726,1345,1481,3758.6047732894795,3502.765846570629,1.0730391176359473,1891,1675,3807.8364464589285,3047.7522833593234,1.2493917131158105,2237,2516,3458.4663307734013,3211.399349410198,1.0769343686292332,1527,1284,3939.0040609350403,3740.4406983627873,1.0530855529026741
120,5535,3,9822,10244,3682.2048218832792,3833.2098209391743,0.9606061222552912,672,3571,4079.905399659864,3610.531835648897,1.1300012256855256,3795,2610,3744.714371763693,4013.8195270181,0.9329553425501601,3537,2774,3673.089898467423,4028.0381896163217,0.9118806042941942,1630,1041,3628.845647182807,3937.5148221663017,0.9216081236708402,188,248,3433.6803983703035,3700.897502601457,0.9277966752542269
121,8105,1,4034,1649,10000.0,10000.0,1.0,748,230,10000.0,10000.0,1.0,611,310,10000.0,10000.0,1.0,918,508,10000.0,10000.0,1.0,1226,442,10000.0,10000.0,1.0,531,159,10000.0,10000.0,1.0
122,2227,7,11990,13564,2262.180952851313,2140.68047143022,1.0567578781806313,332,1535,2710.6619248076645,3071.8246347441354,0.8824273020498927,3326,4047,2464.042661745196,2193.51151276675,1.123332450002606,5309,5420,2353.22114956988,2270.51987309541,1.036423938611787,2609,2030,2029.1981011567557,1904.768375840229,1.0653253838601968,414,532,1866.7880230577146,1880.5472327435127,0.9926834011684328
123,2204,3,6054,6328,4712.507048937058,4298.3789862565745,1.0963451719833446,849,894,6006.692554533081,4235.494897627234,1.4181796223855894,1202,1103,4985.880437761801,4547.8785706829385,1.0963090505323427,1414,1853,4473.300936882939,4552.087905174993,0.9826921250350887,2138,1963,4408.056452749087,4228.966911811456,1.0423482956174086,451,515,4480.361453483512,3950.5702705250264,1.1341049890723947
124,6576,6,6851,7260,3520.280859543788,2659.8164211612743,1.3235051981545536,542,529,2553.0698111409156,2856.3005420935465,0.893837946503215,1544,1952,4492.276638299014,3371.9041840231116,1.3322669901429864,2137,2121,4107.076578648931,2892.849196012752,1.4197340754263177,1846,1933,3037.2014569289217,2200.790635272845,1.3800501548173763,782,725,2606.6352260908807,2048.81807372176,1.2722629009982442
125,4042,11,11069,11826,1565.6657459751495,1269.5347262746548,1.2332594875679115,1786,819,2113.972178785101,1645.012157832671,1.2850799726430544,1660,1609,1813.049789519524,1309.3958354980393,1.3846460637549804,2262,2634,1537.8087668401395,1357.9129069137941,1.1324796745140342,3206,4336,1434.1617732503269,1229.5945895344562,1.166369619268838,2155,2428,1381.3168533761125,1185.4490037969977,1.1652267191180299
126,5890,8,8359,8785,2313.8955727330035,1898.7882602446548,1.2186169575510557,668,811,1641.731507045789,1552.3147352752912,1.0576022179900524,1403,1482,2231.329972581918,1954.993889790395,1.1413488217199237,2131,2293,2394.878754573996,1949.780223813959,1.2282813854216765,2857,3012,2432.080126932493,1959.0341599516055,1.2414689731559214,1300,1187,2521.8106508875735,2039.981007389091,1.23619320069806
127,3900,3,7637,8098,3661.0056870638796,3856.874673249727,0.9492156207344917,539,585,4019.0210002030835,3889.458689458689,1.0333111420094363,1181,1494,3622.6636678255268,3906.2273189142115,0.9274072838220011,2086,2079,3750.102266031406,3868.069827665787,0.9695022150865437,2438,2686,3703.6301760275,3764.41037031041,0.9838539935065852,1393,1254,3580.083784732297,4104.530573933747,0.8722273400685562
128,8197,2,3831,4577,7726.5382537503165,7369.76338981339,1.0484106266464492,108,186,7882.3731138545945,8080.702971441786,0.9754563608774987,801,1078,8404.927673117716,7921.372293224931,1.0610443950862358,1323,1580,7782.816830435879,7293.102066976446,1.0671476634993067,1152,1308,7423.336829668209,7151.439272788485,1.0380199770295617,447,425,7207.333003017883,6771.8754325259515,1.0643038364823412
129,138,8,15926,16704,1690.5300697756509,1661.626949885131,1.0173944698552935,2151,3296,1820.054504181183,1806.4261476105196,1.0075443751678919,2984,3295,1727.2683983928582,1670.3056316071852,1.034103199862209,3637,3788,1675.778432477918,1632.89646959386,1.0262612870335397,5181,4522,1691.7078686503223,1665.4056114868956,1.0157933040347713,1973,1803,1742.6206653481402,1678.0592154137632,1.0384738806243246
130,6882,14,16977,17591,1189.197624417825,984.8280725798018,1.2075179998704422,1247,1246,1479.2518885742782,1386.201494863821,1.0671261674837527,2931,3424,1414.341523411022,1012.9688591798409,1.396233961778604,4818,5081,1212.8458022280845,987.8074000638583,1.2278160723939489,5361,5386,1088.0508258763011,919.3155116433537,1.1835445090351178,2620,2454,1112.7440125866792,1021.680751416944,1.0891308376353785
131,1155,4,5652,6870,4017.785636259003,3769.401380175393,1.0658948811845694,439,1475,3988.5118902454847,4123.5920712438965,0.9672421086604562,1883,1926,4204.6863106155115,3915.361630591491,1.0738947528533431,2091,2169,4332.893974563848,3830.7697572632183,1.1310765848948745,1050,1012,3537.904761904762,3643.3157837179147,0.9710672837407514,189,288,3793.0069147000363,3598.8136574074074,1.0539603535439859
132,6737,3,5298,4501,4425.543033468757,3734.5874063582896,1.1850152511985894,641,715,5195.2025038879865,4542.403051493961,1.1437123577528692,1197,946,4556.957696385212,3763.414666851414,1.210857186831793,1426,1136,4270.697072402133,3582.947951795279,1.1919506311171082,1403,1148,4246.0941806301435,3724.9298886717093,1.1399125104457413,631,556,4331.790406393393,3796.1932612183637,1.1410879553068731
133,6596,5,9744,9834,2528.051661112325,2344.1239689688778,1.0784632957037474,819,1911,3305.544001514698,2410.4765683595015,1.3713238472856646,2186,2247,2571.5042661066136,2329.3026413698212,1.1039803160118162,3121,3099,2469.436046354649,2374.6275042558673,1.0399256480980126,3046,2088,2551.755119250503,2482.746693383832,1.0277951939481256,572,489,2856.8022886204703,2430.7777234119962,1.1752626581629515
134,813,7,5977,6816,3212.9624438155643,2879.1905506788776,1.1159256003594438,800,454,2214.15625,2120.3594092646854,1.0442362933026728,807,883,2402.6294090278834,2321.96427036934,1.0347400430264642,1083,1475,3248.5171231037207,2958.0603274921,1.0981916402826968,2061,2758,3687.838725754352,3107.7553544543894,1.186656703999728,1226,1246,3989.9246611615117,3225.796062649274,1.236880628431506
135,1252,2,4374,6097,5909.988126621769,5997.31625366939,0.9854387990637995,738,342,5689.220848848054,6885.195444752232,0.8262976548014003,543,715,6001.343060346144,5970.463103330236,1.0051721209027626,842,1261,5914.009738153137,5821.072735974181,1.0159656143110196,1385,2516,5904.276088571466,5966.182094373436,0.9896238490842658,866,1263,6066.72924811589,6058.072843692425,1.0014289039842892
136,6510,1,3102,2357,10000.0,10000.0,1.0,427,642,10000.0,10000.0,1.0,681,439,10000.0,10000.0,1.0,794,551,10000.0,10000.0,1.0,975,556,10000.0,10000.0,1.0,225,169,10000.0,10000.0,1.0
137,6435,8,9054,11446,2216.724442877136,2140.878856232102,1.0354273136119998,1320,641,2199.368686868687,2579.4573124578646,0.8526478326454621,1220,1509,2118.744961031981,2224.2730934911847,0.952556125968521,1966,2796,2334.819086215408,2164.4399008598016,1.078717448004874,2928,4422,2226.379370838186,2117.6476484400905,1.0513455212807428,1620,2078,2221.338210638622,2041.9334130600519,1.087860258532972
138,1076,9,10709,10116,1777.649320911847,1661.7540992654444,1.0697427024236814,1129,1908,1854.0514544879693,2002.936988252047,0.9256663915852843,2447,2218,1882.05903027301,1801.4181859870996,1.0447651993930118,3065,2446,1841.9901588475898,1719.2753500132712,1.071375890332733,2864,2402,1780.5994663087918,1587.4885000773018,1.1216455843441302,1204,1142,1768.4407456871336,1697.3938860450066,1.0418564366386807
139,917,3,4805,5779,4648.744533150843,4326.868220859572,1.074390135280646,666,333,3947.776605434263,4087.060033005979,0.9659208755323138,639,821,4130.54924924263,4371.321625835816,0.9449200042453638,1036,1456,5083.164383357435,4747.681062069799,1.0706625649241441,1564,2075,4978.545404595732,4261.093337204239,1.1683727650664941,900,1094,4780.518518518518,4122.369313757273,1.159653139898178
140,779,3,6633,7493,3615.4859289525175,3564.8965236453887,1.0141909884260532,1192,589,3519.1686185306967,3530.6308929122188,0.9967534770047662,1047,1049,3538.385472113438,3580.558360088731,0.9882217007142293,1231,1769,3647.2035376388862,3603.9657936556373,1.0119972681370517,2134,2729,3760.115381000607,3565.709349023376,1.054520997913214,1029,1357,3676.5198929773214,3527.835959616584,1.0421459316880757
141,5650,4,8086,7823,2930.335707860754,2971.2693418583067,0.9862235195507548,1087,647,2917.9421599584957,2978.029617136756,0.9798230827415237,1566,1245,2771.7916974533878,3021.5190077579396,0.9173504089620613,1746,2048,3000.863370899152,2981.4767837524414,1.0065023438224834,2496,2617,3107.436642217292,2986.701542441188,1.0404242265457233,1191,1266,3139.5767726180325,3045.641382718268,1.0308425642075845
142,5802,9,6455,6413,2377.7754711309485,1712.1012453044646,1.3888054095236093,1189,615,2720.543869688573,1688.8624496001057,1.6108735618657115,1175,901,2435.36803983703,1523.5876772755885,1.5984429883233544,1297,1393,2301.3608891641884,1743.2820960509653,1.3201310874341174,1880,2305,2257.6844726120416,1863.170227883362,1.2117435319782155,914,1199,2368.8406456339267,1951.7585199231219,1.2136955578537623
143,5398,10,11397,11952,1441.9702045572474,1368.711402952282,1.0535239214394998,1456,1244,1548.1693786982248,1854.1345726367595,0.8349822076272368,2477,2533,1633.940610499926,1519.4474390863345,1.0753518473020942,2923,3160,1481.3547724940129,1346.3807883352026,1.1002494876101918,2939,3336,1373.2268036904643,1264.7310209386446,1.0857856579427438,1602,1679,1425.6835634607803,1346.8800205459943,1.0585082128420324
144,1962,4,7903,7768,3062.997217832075,2888.3273399226377,1.0604744052016333,678,1667,3105.872729962322,3049.0782467381746,1.0186267713152015,1865,1664,3085.3984431714453,2921.6193024223376,1.0560576597414033,2135,2108,3109.7302129666705,2901.096932621369,1.0719153083095314,2488,1762,3078.387190992649,2886.50164076783,1.0664768547208503,737,567,3797.436893489871,3220.4834380025445,1.1791511947178879
145,3808,5,4925,4749,3733.424721069855,3235.051069256813,1.1540543382913373,1012,359,3235.8535518442723,2865.821959792367,1.129118834750891,703,548,3300.931387328033,2831.264318823592,1.1658859843575433,1003,1148,3617.333443338976,3212.8743823525842,1.1258869824503477,1302,1592,4182.611650279258,3396.544594833464,1.231431395495732,905,1102,4305.3020359573875,3478.677606463747,1.2376260530604175
146,7225,4,8031,9626,2654.906019525478,2747.745960721985,0.9662123272953105,217,623,3067.5954044468986,3499.6354304883166,0.8765471333735085,2013,2770,2766.096379494537,2700.3245187608336,1.0243570208975792,3276,3639,2617.4878235317797,2708.3371563036426,0.9664556783263075,2035,1976,2624.795803174182,2712.325230703667,0.967729007370264,490,618,2614.827155351937,2884.867146343252,0.9063943061178372
147,5274,5,6059,6795,3104.126744437251,2809.7461612307457,1.104771237796641,525,353,3312.1451247165537,2431.20480864143,1.3623472251058097,890,805,3098.977401843202,2758.828748890861,1.1232945876358191,1309,1529,3396.5885819568466,3130.439580792706,1.0850196895021194,1997,2790,3080.4017744192647,2910.7514035020104,1.058284046763026,1338,1318,2884.8358100906917,2795.724427271744,1.0318741654040304
148,2814,6,8044,7487,2187.7077861913626,2006.4228153517831,1.0903523272624844,1292,430,2651.7914482071137,2155.4353704705245,1.2302811230328081,1501,1195,2540.0388193347453,2176.551530960592,1.1670014622689557,1875,1675,2118.5848888888886,1937.2617509467586,1.093597645157406,1916,2565,2058.1979681050902,1981.5570982904521,1.0386770938272525,1460,1622,2078.738975417527,2091.68477211462,0.9938108280608625
149,5681,2,3323,1107,6823.912781443118,6483.5745918434795,1.0524923689515029,328,258,6642.623438429506,7433.74797187669,0.8935766269666174,535,205,7276.548170145864,6413.563355145745,1.1345562158215412,927,306,7059.892078586897,6616.685890042293,1.0669831084488386,1075,213,6594.154678204435,5587.2952897352825,1.1802051504811115,458,125,6562.136496252931,6436.48,1.0195225490101625
150,1548,7,7524,7707,2179.482505177124,1922.4236554424722,1.1337160250847444,1230,425,1957.8557736796884,2517.314878892734,0.7777556117814195,1032,905,2312.0793522023914,2062.464515735173,1.1210274574727617,1489,1569,2241.6052168555525,1955.815369566745,1.146123121709651,2202,3168,2199.511467157674,1845.5008576930925,1.1918235951984877,1571,1640,2353.781805083465,1943.9619274241525,1.210816823044649
151,3578,7,6270,7135,2498.3850084832206,2322.872384570469,1.0755584443977995,553,709,1964.3306769911937,2083.8066288560735,0.9426645686742693,931,1283,2645.3774454549753,2641.7951884740132,1.0013559934534635,1572,1812,2893.819318998504,2295.196604437427,1.2608154409969619,2203,2418,2355.989614294377,2257.137501274218,1.0437953438655618,1011,913,2562.4656963314515,2448.6875111718405,1.0464649673102475
152,7309,3,3836,3821,5173.060006676228,4492.637383689538,1.151452824894561,586,215,4423.1732460482945,4410.816657652785,1.0028014287046076,597,540,5950.158385450422,5604.3209876543215,1.0617090631600048,805,945,5758.311793526485,4816.225749559082,1.195606703870484,1218,1472,5172.144164839936,4173.844739484877,1.2391798180490694,630,649,4826.9589317208365,4193.2711460799,1.151120155021061
153,916,3,4635,4974,4211.886716263502,3951.944562872898,1.0657757590611638,524,535,4568.425499679506,4318.316010131888,1.0579182924456656,794,850,5187.489293124123,4207.031141868511,1.2330522684983385,981,1123,4671.105749297821,4036.0423081223253,1.1573480634475668,1571,1667,3862.5411814471477,3787.5604243278513,1.0197965837423182,765,799,3840.6254004869916,3841.3630304463813,0.9998079770244199
154,7529,4,3999,3071,4347.404055314904,3807.485303054032,1.1418045532120102,522,856,4847.991074705303,4904.167394532274,0.9885451871219562,868,617,3702.0323217736627,2962.7070916154657,1.249543814928754,1083,603,4402.863357061068,3405.9938010335272,1.2926809660443443,1193,757,4854.660006787286,4232.604890681251,1.1469674425495249,333,238,3857.641425208993,3709.1307111079723,1.0400392236532043
155,4795,5,5475,4555,3082.8865119576317,2670.1524602944132,1.154573215500103,508,616,3786.7350734701467,2886.184432450666,1.3120211691582098,1315,1068,3189.8740765371776,2651.9519140400344,1.202840089086556,1685,1320,2964.6716973822085,2689.4168962350786,1.1023473904445458,1383,1069,2974.5400323837275,2661.422642179773,1.11765038188279,584,482,3086.7071683242643,2921.1790430605533,1.05666483389881
156,2205,5,5448,5283,2842.332176487458,2735.6347735043055,1.0390027952622034,564,1791,2821.0351591972235,3109.0529263976064,0.9073615747242673,1422,1170,2954.2096174046183,2673.2120680838634,1.1051160709154555,1693,1329,2997.963540501889,2654.252732214913,1.129494378630688,1552,768,2639.128759698161,2514.716254340278,1.0494737746825922,217,225,3516.107795875895,2922.864197530864,1.2029665281220328
157,5449,2,3036,4061,6575.0910028277285,6348.519357076196,1.0356888957893766,133,215,5793.996268867658,5608.436992969173,1.0330857378144935,596,835,6646.37854150714,6771.372225608664,0.9815408635152546,1006,1362,6494.512052930923,6283.257971239496,1.0336217425193117,952,1213,6754.907845491139,6353.029049816871,1.0632578243422093,349,436,6560.947775469824,6227.169430182645,1.0536003314233557
158,3918,4,4032,4697,4096.381970033384,3794.5696112227247,1.0795379686586923,174,190,5482.23014929317,4638.781163434902,1.1818255606681207,784,918,4922.070231153686,4317.451502508532,1.1400406532172642,1286,1595,4214.9092149213075,3827.0496555654913,1.1013468844836574,1280,1437,3767.76123046875,3419.697825972206,1.1017819182306234,508,557,3336.304172608345,3843.8480059565063,0.8679594425789832
159,7822,2,2936,3294,6660.575473869432,6723.597097849339,0.9906267994552997,225,178,6306.172839506173,6278.24769599798,1.0044479200025818,484,549,6442.8659244587125,6667.0316289594275,0.9663769849947896,773,981,6568.869460729103,6410.286784273262,1.024738780306195,917,1012,6663.959214593127,6642.347169929229,1.0032536758635169,537,574,7185.134324424609,7754.009396739063,0.926634719767854
160,405,3,5629,5745,3424.999039785877,3397.8853220077845,1.0079795858919898,362,927,3817.496413418394,3380.835512359062,1.1291576888207262,1331,1402,3434.5585616301105,3451.0206531936237,0.9952297904829173,1859,1880,3459.2713117147264,3430.562471706654,1.0083685518759231,1721,1169,3451.100177220857,3464.909360065156,0.9960145615918683,356,367,3565.6798384042418,3417.1313173310364,1.0434717039757284
161,2524,3,5953,6456,3395.244099384368,3368.8170730396514,1.0078446011676352,572,1093,3482.2607462467604,3522.5995250487804,0.9885485765511589,1492,1706,3372.9039236967133,3405.5447362525747,0.9904153916381145,1822,1674,3391.7083674229234,3355.1941350530788,1.0108828970545596,1405,1333,3520.4062765162553,3580.2855440041553,0.983275281607586,662,650,3721.260302479897,3681.088757396449,1.0109129520451607
162,2667,12,13384,13955,1106.1987906802922,1010.8999842227172,1.0942712513056871,1734,873,1072.9636857796245,1031.9381626994905,1.0397557959992618,2136,2110,1121.8727643816019,1026.733451629568,1.0926621340729035,2772,3109,1149.8722537683577,1000.963078275017,1.148765902284787,4044,4938,1172.7598787227737,1033.7869615635664,1.134430905327937,2698,2925,1178.2771852526732,1094.8153992256557,1.0762336610227154
163,6891,12,10494,11623,1109.0287319291492,1079.9195426175772,1.0269549611455455,2203,902,1079.197289875627,1095.3977610729542,0.985210421480633,1472,1467,1100.5527085302456,1034.6644585795477,1.0636807898486755,1743,2338,1116.5553945969932,1106.3062680699948,1.0092642759268449,3049,4607,1212.0120463822502,1092.1937243223604,1.1097042762576115,2027,2309,1213.6672922453636,1129.4629015840062,1.0745525953471031
164,1731,8,10783,11984,1470.6495842731074,1427.5758588219985,1.0301726350897054,1224,2518,1426.6815113845103,1622.8066578301048,0.8791444775634343,2181,2244,1535.1685737416701,1541.790188770371,0.9957052424662386,2625,2736,1525.3609070294785,1507.6353621627165,1.0117571830109733,3571,3286,1556.4684900244597,1535.2281150708905,1.0138353217642764,1182,1200,1691.6179236774976,1524.4305555555554,1.109672013272532
165,3333,4,4402,4809,3391.1323608429607,3460.4343825591104,0.9799730282228618,354,596,3200.7086086373647,3135.5006531237327,1.0207966646247286,892,915,3052.41911158479,3284.218698677177,0.9294201731493241,1223,1207,3371.4997837175047,3459.061302852938,0.9746863349709313,1302,1325,3647.030091953535,3581.9209683161266,1.0181771524869843,631,766,3783.067653537137,4031.69290130821,0.9383322951779391
166,2841,4,7094,8119,2671.9312110624664,2658.9074595087686,1.0048981590190822,1380,1375,2880.2457466918713,3037.0644628099176,0.9483650353693986,1395,1312,2785.632250356496,2705.664875817966,1.0295555355924686,1458,1745,2681.228960505493,2683.8892948333755,0.9990087764301591,2068,2485,2599.6253119282874,2608.470136715666,0.9966091907042053,793,1202,2659.191634239698,2629.27012937395,1.0113801562385956
167,2429,4,3772,3594,3888.906537988797,3762.74499420756,1.0335291240770907,301,435,3985.496848820653,4394.820980314441,0.9068621604094323,850,884,4066.491349480969,4056.658340328822,1.0024239184883759,1212,1030,3952.294981973445,3693.7317372042608,1.0700005477292425,933,812,3680.0120392101458,3676.8363706957216,1.0008636959043742,476,433,3952.8458442200413,3172.399447434249,1.2460113897122875
168,6830,11,12531,14414,1071.202678390231,1097.8037729032883,0.9757688075322358,2198,797,1065.9123481434442,1089.389476534495,0.9784492792552623,1796,1896,1053.4855977896934,1109.9872705584933,0.9490970083464373,2496,3151,1069.377670940171,1084.2306135453816,0.9863009378082008,3668,5408,1118.500777153703,1125.9925302422885,0.9933465339357328,2373,3162,1101.9868307048196,1088.1990877598105,1.0126702393891847
169,5863,15,12295,14655,900.5049216255993,846.4426841812967,1.0638699329023005,1634,1273,837.0549926665458,898.7003626593539,0.931406092003354,2090,2162,885.355188754836,855.5009109494499,1.0348968392941316,2702,3312,902.8676841619084,832.87751756167,1.084034164837516,3567,5056,936.5929423918235,872.6941796186509,1.073220108791255,2302,2852,972.8366750930893,891.672682638005,1.0910244241361768
170,7548,1,2048,2596,10000.0,10000.0,1.0,56,104,10000.0,10000.0,1.0,380,549,10000.0,10000.0,1.0,709,941,10000.0,10000.0,1.0,647,773,10000.0,10000.0,1.0,256,229,10000.0,10000.0,1.0
171,725,4,7388,7026,2529.56512983345,2527.1341799143984,1.000961939392998,778,832,2589.759517846168,2820.0986963757396,0.9183222988523086,1508,1276,2540.2978983880844,2546.346340936115,0.9976246583385796,1792,1699,2560.69261200574,2586.658149151892,0.9899617438219792,2110,2063,2549.524943285191,2505.3589441088507,1.0176286113733097,1200,1156,2532.9305555555557,2529.9924569868654,1.0011613072444452
172,4883,3,2839,3306,5485.072372297445,4772.332765702353,1.1493482624927973,282,293,4836.527337659072,4214.958823049774,1.1474672803943446,464,574,5402.329815695601,5138.462285568601,1.0513514579776275,655,728,5818.70520365946,4945.809684820673,1.1764919344789622,950,1187,5363.013850415514,4440.7293560042835,1.2076876162615529,488,524,5868.8020693362005,5569.9696987355055,1.0536506276988429
173,8349,7,5544,6169,2017.9980853682152,2031.071330906647,0.993563374491335,883,486,1865.936289982288,2149.5706955240566,0.8680506734984961,825,943,2208.249770431589,2361.014743901876,0.9352968998330676,1089,1385,2257.4100635708455,2096.349489762671,1.0768290662385727,1802,2248,2055.5653417524736,1967.6208824609614,1.044695835501358,945,1107,1814.0925506004874,1936.1311649852419,0.9369677960916017
174,6559,1,2008,2688,10000.0,10000.0,1.0,32,68,10000.0,10000.0,1.0,259,473,10000.0,10000.0,1.0,677,952,10000.0,10000.0,1.0,760,921,10000.0,10000.0,1.0,280,274,10000.0,10000.0,1.0
175,6711,4,4474,4786,3103.9049640409835,3122.754607611105,0.9939637768769346,498,586,3499.1371106917627,3124.7306316905265,1.1198204015424769,931,956,2797.553189402846,2791.7053272876874,1.0020947275695604,1272,1302,3101.8971757446297,3123.2937156825965,0.9931493666988375,1151,1216,3177.631961328531,3323.950939231302,0.9559804038694358,622,726,3307.606414325741,3603.0857030105717,0.9179927115144827
176,5747,10,10309,11299,1295.6167189683194,1241.672884059103,1.0434444817163688,1441,920,1450.4202061083151,1381.0964083175804,1.0501947564074714,2154,2132,1541.6805683796165,1335.0437714941445,1.154779042678286,2327,2346,1406.79406876803,1322.4410561882191,1.0637858392138464,2504,3575,1334.8961150976331,1249.3935155753338,1.068435283564703,1883,2326,1364.8094911877492,1280.4300556940166,1.0658992930683726
177,2402,3,4677,6132,3502.507894070717,3497.14149123714,1.001534511213522,1077,433,3628.920390817024,3415.5070430798605,1.062483650317618,719,907,3623.8903901841722,3368.5690981208268,1.0757951773071177,859,1307,3461.0594391236527,3411.7450090706916,1.0144543129459707,1253,2359,3583.705571114561,3683.1892721515524,0.9729897939839303,769,1126,3501.7696466287093,3494.58464392417,1.0020560391109803
178,1787,6,5770,5724,2216.549474512584,2223.260551402239,0.9969814258227978,473,1180,2563.5031667776643,2472.206262568228,1.0369293232493446,1361,1113,2323.026084571735,2169.145337024094,1.070940727170801,1708,1539,2189.2362158515652,2179.9215628656025,1.0042729303405387,1726,1340,2171.223560593956,2307.395856538205,0.940984423822036,502,552,2338.772400438088,2286.481306448225,1.0228696792063832
179,5477,5,4365,4404,2815.5669184613103,3017.025435550705,0.9332261124763697,333,278,2322.592863133404,2480.2028880492726,0.9364527693781407,523,624,2242.7969246405314,2313.1882807363577,0.96956955182506,1094,1130,2566.4167855913424,2868.697627065549,0.8946278483231375,1515,1583,3229.7966430306396,3754.248492251652,0.8603044390099851,900,789,4380.864197530864,3703.441329690083,1.1829171323465977
180,5201,1,1859,1862,10000.0,10000.0,1.0,218,143,10000.0,10000.0,1.0,307,306,10000.0,10000.0,1.0,537,490,10000.0,10000.0,1.0,556,670,10000.0,10000.0,1.0,241,253,10000.0,10000.0,1.0
181,7328,4,3349,3646,3803.2424077424344,3526.8401052077606,1.0783710897827594,295,429,3190.462510772766,4263.234822675381,0.7483665909753008,691,715,4108.582331024691,3860.550638173016,1.0642477501523084,919,926,4255.524467741229,3837.425187410493,1.1089530765843727,962,1061,3608.1059469832862,3046.500864779106,1.1843443042137134,482,515,3683.0460908042214,3406.126873409369,1.0813003237068703
182,2146,2,2498,2271,6001.54102465319,5415.928170579169,1.1081278842018683,464,567,6618.608799048752,7889.072409942486,0.8389590632616597,498,402,7116.4174771374655,5936.734239251503,1.1987091202577893,652,435,6662.84015205691,5313.9384330823095,1.2538421805147222,621,570,5424.760334093107,5000.061557402278,1.0849387096169025,263,297,5052.697017450014,5184.1648811345785,0.9746404933679902
183,7460,10,8240,10410,1383.1472688283534,1294.9201840763105,1.06813322229198,1642,915,1463.516314289487,1673.8750037325688,0.8743283166461034,1213,1222,1314.4969073019752,1256.1843560903353,1.0464203768570466,1552,2009,1288.493729408014,1222.8520686279585,1.0536791509489005,2257,3868,1403.7693787397804,1355.9270828766034,1.0352838264441768,1576,2396,1573.2900229328247,1417.192259776311,1.1101457914970212
184,3719,1,1784,1566,10000.0,10000.0,1.0,153,520,10000.0,10000.0,1.0,596,454,10000.0,10000.0,1.0,691,470,10000.0,10000.0,1.0,319,102,10000.0,10000.0,1.0,25,20,10000.0,10000.0,1.0
185,1580,4,5147,3625,2631.3105406319414,3178.5588585017836,0.8278313090204068,711,816,2553.1877014011284,3595.9426662821984,0.710019023757361,1100,713,2593.5537190082646,3204.8571018295765,0.80925721072795,1354,822,2748.135073277056,3340.644443260459,0.8226362068615972,1507,919,2689.2902795140044,3191.8712798720285,0.8425434623484648,475,355,2882.526315789474,3131.3628248363416,0.9205341179012455
186,5873,4,3518,4200,3282.818064556164,3113.7619047619046,1.0542932198944692,526,383,2756.50941895936,2913.57906864182,0.9460904797906587,592,644,3193.2523739956173,3417.065313838201,0.9345014158973781,766,945,3670.0093394869423,3492.8585425939928,1.0507179992354878,988,1369,3465.0010654165776,3107.1983676962645,1.1151528339613523,646,859,3409.8381082920378,2863.808662914481,1.1906654772186722
187,5459,6,6544,6588,1856.7275086531045,1857.368680853009,0.9996547954067956,1484,507,1874.8047456789766,1945.1155227213487,0.9638526471970145,1355,1045,1946.4822102095557,1865.1679219798086,1.0435962292035534,1241,1497,1881.4010431918837,1877.935340732679,1.0018454855095558,1470,2250,1928.733398121153,1883.3619753086418,1.024090654588625,994,1289,1791.210036881247,1794.3258014794876,0.9982635457865726
188,2458,8,5797,6502,1632.0324030717977,1626.002306178228,1.0037085414151365,1168,519,1468.5125023456558,1915.6819287127682,0.7665742837238197,956,900,1753.6238861364473,1842.5432098765432,0.9517409831891791,1154,1334,1745.1168267108,1701.6154591369984,1.0255647463357345,1491,2429,1643.3904117753693,1529.8114030055044,1.0742437979915203,1028,1320,1743.7622068464323,1610.1239669421489,1.0829987272086143
189,1713,7,5338,5561,1932.8184316804472,1902.658717600071,1.0158513525317974,577,338,1798.7919346166902,1673.9609957634539,1.0745721908510204,878,920,1866.9994447932504,1885.798676748582,0.9900311564605907,1253,1341,1981.612844257581,1889.0429248821513,1.0490036082060998,1596,1906,1937.699826006118,1946.7215145412565,0.9953657015306246,1034,1056,2106.652350078006,2052.718233471074,1.026274486058289
190,459,4,4053,5352,2987.555891104597,2777.320437884445,1.0756972261293312,954,724,3325.070650334683,2648.3852751747504,1.2555086608821604,574,849,2860.4814918233806,2797.706995412049,1.0224378380274544,684,1011,2905.9796176601344,2858.888526896522,1.0164718177433565,1185,1867,3033.011091527355,2860.2580436751527,1.0603977141972238,656,901,2888.5800862581796,2719.299434220948,1.0622515674099453
191,4294,2,3210,1324,5000.095107772634,5288.435209609259,0.9454772365722282,526,224,5014.168196735532,5606.265943877552,0.8943864324187771,757,304,5016.1330008428595,5541.031855955679,0.9052705581274286,798,363,5008.040150501567,5434.43450280415,0.9215384135952757,912,328,5000.216412742382,5036.436644854253,0.9928083614138425,217,105,5161.502686402344,5011.337868480726,1.0299650157029112
192,8381,4,3995,4191,3168.5520542730974,3054.935127317454,1.0371912732089374,314,322,3823.481682826889,3683.8856525597002,1.03789369253907,892,1282,3693.6948259566852,3919.3708153942384,0.9424203526364083,1618,1440,3872.8778986708558,3584.6739969135806,1.0803989154956406,918,820,3135.7597505233034,2656.4544913741825,1.1804304424207082,253,327,2905.9975940883314,3469.1243722470053,0.8376746643436344
193,5411,14,10793,13605,841.3671423605533,847.6257121134827,0.9926163521664247,2071,1209,960.1656873879265,948.1617398050602,1.0126602319825035,1720,1986,908.7885343428882,907.7642186138822,1.0011283940344884,2163,2975,889.0132859000264,887.4141656662666,1.0018019998954593,2897,4972,825.9660374979937,838.4442823496212,0.9851173833320696,1942,2463,796.9424324992232,840.9363162709028,0.9476846427958199
194,6039,4,2780,1798,3723.898866518297,2696.946675393869,1.380783276322825,297,239,3609.2688954641812,2701.108173876508,1.3362178273239322,590,379,3733.582303935651,2638.7312814586367,1.4149156945878183,736,463,3912.6004253308133,2880.7803367091324,1.3581738168208908,787,488,3773.7277777867475,2731.5405804891157,1.3815382442940003,370,229,3488.2395909422944,2744.2268454072196,1.2711192577903194
195,7932,7,6272,7476,1720.1700015943877,1697.8189668326197,1.01316455711616,1093,325,1814.248369186263,1748.7337278106509,1.0374640463174654,914,910,1720.9802297353592,1625.1660427484605,1.0589565524177817,1082,1499,1649.9875290845666,1621.4100483266361,1.0176250793483264,1884,3059,1733.8037152735517,1711.8527945715307,1.0128229020460344,1299,1683,1795.003084625409,1863.410590473608,0.9632890860458122
196,4277,7,4302,4881,1982.1330115559326,1847.3343090654903,1.0729693060043002,782,393,2170.6098207102254,2709.5675595180287,0.8010908652509584,648,729,2079.618198445359,2044.9118528679574,1.016972049689441,858,1100,2051.743904890758,2038.8099173553721,1.0063438908283138,1340,1798,2090.877701047004,1844.7267449557721,1.1334349148264413,674,861,1646.4880381089913,1623.5207150478673,1.0141466153454326
197,5835,2,2751,2959,5015.465774912028,5124.541426303676,0.9787150415387851,266,362,5018.090338628526,5034.339611122981,0.9967723130043604,664,567,5359.31376106837,5016.936815878615,1.0682442210765206,690,722,5040.369670237345,5018.569532155217,1.0043438947976011,785,984,5002.344922714918,5268.441403926235,0.949492371498521,346,324,5308.8977246149225,5829.903978052126,0.9106321038221832
198,5989,8,6679,7551,1474.37040845599,1459.7550324854953,1.0100122113952292,1002,675,1475.0538842474732,1608.6255144032923,0.9169653664200604,1257,1338,1546.8697489761391,1509.9841138973234,1.0244278298952514,1420,1759,1678.0400714144018,1570.4404635819164,1.0685155600149707,2021,2634,1576.7078040789424,1465.705461377962,1.0757330484370464,979,1145,1396.1735777163121,1388.3564386644036,1.005630498648768
199,3880,7,5476,6032,1733.9592222866659,1591.4850021811171,1.0895228166839706,1212,284,1717.5876003441927,1515.324340408649,1.1334785263734348,882,701,1936.8987201834625,1635.1004576710263,1.18457475263771,937,1057,1752.351165018355,1558.2112850403087,1.1245914991387218,1386,2438,1638.9935221104054,1633.2561890924453,1.0035128187826725,1059,1552,1911.4813358407316,1630.4120390052078,1.172391573486551
200,8259,1,1384,1797,10000.0,10000.0,1.0,227,77,10000.0,10000.0,1.0,202,220,10000.0,10000.0,1.0,230,367,10000.0,10000.0,1.0,503,795,10000.0,10000.0,1.0,222,338,10000.0,10000.0,1.0
201,1979,1,1381,1930,10000.0,10000.0,1.0,25,51,10000.0,10000.0,1.0,310,471,10000.0,10000.0,1.0,532,773,10000.0,10000.0,1.0,399,489,10000.0,10000.0,1.0,115,146,10000.0,10000.0,1.0
202,1963,6,3998,4695,2301.7787032585825,2335.893099971533,0.9853955659557511,741,446,2306.3081767535205,2224.6576444328257,1.0367025157893504,746,717,2437.8813906518412,2443.2539890952735,0.9978010479191229,690,969,2114.1776937618147,2211.6893033895976,0.9559108010884086,1128,1642,2432.2060007041896,2397.3690027757953,1.0145313457744962,693,921,2345.512432092519,2618.395008022484,0.8957825022222079
203,6597,3,2102,1967,4795.170382789805,4973.938309509035,0.9640590784213253,200,287,4440.5,3731.865143439886,1.1898875841764534,474,400,4406.968256511599,4426.5,0.9955875424176209,548,527,4385.22297405296,4800.182912119369,0.9135533071002921,649,550,5131.303107067647,6216.595041322314,0.8254201975453404,231,203,6772.174434512096,6387.196971535345,1.0602733037187375
204,1289,4,3218,3434,2953.8572842861454,2821.30051026275,1.046984280313709,176,183,2911.2861570247933,2830.481650691272,1.0285479703829865,548,744,3037.6551760882307,2955.68851890392,1.0277318319099156,972,1030,2936.6500702806143,2789.197850881327,1.0528654571251355,1078,1027,2959.820460483063,2889.282460233861,1.024413674059231,444,450,3079.4984173362554,2680.6913580246915,1.1487702260529653
205,8208,3,2827,3255,3762.907553357894,3891.348061944167,0.9669933127179319,207,188,4512.824103246283,3985.4006337709366,1.1323388833248378,522,624,3761.4685632917895,3857.9162557527943,0.9750000554529442,668,814,3898.4904442611787,3772.3741163544596,1.0334315537157261,868,1132,3698.979591836735,4084.4716502890537,0.9056200920319675,562,497,4093.223236787782,4303.689339254845,0.951096353413022
206,2565,2,1975,2157,5570.279121935586,5619.089254315124,0.9913135153811528,303,249,5431.384722630678,6220.060966758601,0.8732044190012307,321,329,6135.907066119313,5892.499145425487,1.041308096053402,394,583,5527.712643974337,5460.8710490777885,1.0122400976503256,652,664,5508.863713350145,5462.739512265931,1.0084434194566019,305,332,5425.745767266864,5631.622877050369,0.9634426675439361
207,3764,3,3231,3626,3473.0794346512203,3548.4043202111125,0.9787721807430866,91,651,4681.801714768748,5311.856272165474,0.8813871224832909,1020,964,4765.224913494809,5027.978168419965,0.9477417669441222,626,709,3777.1642050036235,3554.0034335890955,1.0627913775505737,1024,789,3402.0042419433594,4116.632209997735,0.8264047086065119,470,513,5355.092802172929,6625.590400085117,0.8082438664038353
208,3065,13,7577,7830,939.7344885326623,884.67188287508,1.0622407094917896,1673,702,1077.6872153598752,991.3068887427862,1.0871378254282484,1223,1214,1026.9975376555512,914.8891705500628,1.1225376479624138,1325,1696,908.2406550373798,889.9686276254897,1.0205310915966121,2343,3023,920.5415501063912,913.8877821583757,1.0072807275443612,1013,1195,909.762427046617,881.5882074893648,1.0319584805217485
209,6147,2,2084,2442,5235.207651018085,5156.475439030722,1.0152686099096717,71,99,5008.926800238049,5114.784205693297,0.9793036419136867,250,466,5169.280000000001,5036.839875481221,1.0262942892354954,673,793,5272.10666572465,5105.152429279525,1.0327030855117263,756,782,5235.295764396294,5340.264650283554,0.9803438794214652,334,302,5301.373301301588,5424.542783211263,0.9772940343855561
210,5391,3,2371,3429,3930.9891898113024,3999.527642402336,0.9828633631970936,378,196,3771.8708882730043,4252.394835485215,0.886999216723162,361,485,3660.1161746763764,4170.347539589754,0.8776525553159126,432,708,3703.810871056242,3885.0585719301607,0.953347498495017,768,1337,4178.500705295139,4019.68819105724,1.0395086650231267,432,703,4303.0907064471885,3951.7491587567206,1.088907856641641
211,6137,5,3981,4520,2371.611171653649,2340.231224058266,1.013408909031205,927,257,2334.6471491128545,2463.171281927054,0.9478216826587678,579,476,2325.222750200602,2331.5796906998094,0.9972735478334437,735,935,2549.437734277384,2405.7536675341016,1.0597251783016333,1097,1983,2379.382238291387,2366.730929491703,1.0053454782890765,643,869,2385.8565385331685,2280.613008351861,1.0461470358170781
212,5958,2,2336,2354,5022.298390880091,5023.680295438846,0.999724921874505,442,94,5163.796810057124,5733.363512901766,0.9006574933609307,364,327,5029.585798816568,5103.292839173657,0.9855569643600888,560,607,5050.0,5013.041153592492,1.0073725399962101,590,845,5027.808101120368,5033.3391687966105,0.9989011136562121,380,481,5124.6537396121885,5115.166341777568,1.0018547584185353
213,1285,2,1591,1842,6437.234743989308,6204.280387295591,1.0375473612009436,166,146,7276.092321091594,5960.780634265341,1.2206609784069606,283,304,6423.4788797462825,5498.614958448752,1.1681994335457977,443,544,5780.258752910843,5649.059256055363,1.0232250169291186,460,582,6476.843100189037,6977.362100116909,0.9282652967201622,239,266,7383.099035381033,7340.72022160665,1.0057731138764348
214,1306,1,1212,832,10000.0,10000.0,1.0,112,77,10000.0,10000.0,1.0,174,141,10000.0,10000.0,1.0,302,218,10000.0,10000.0,1.0,445,275,10000.0,10000.0,1.0,179,121,10000.0,10000.0,1.0
215,4084,2,2189,2493,5044.711493010549,5052.312540094214,0.998495531101185,375,161,5022.222222222223,5120.558620423595,0.9807957675146706,248,347,5130.072840790843,5406.98784974545,0.9487857164377309,393,557,5112.690920627521,5001.950046575492,1.0221395401835023,687,824,5000.858107206193,5000.0,1.0001716214412386,486,604,5179.173229013192,5197.359764922591,0.9965008125794674
216,2562,2,1601,1715,6141.590144510712,5969.026511062567,1.0289098453706527,166,170,5209.754681376107,7017.993079584775,0.7423425219000567,272,333,6440.581747404845,6287.819350882413,1.0242949722308727,385,433,6707.707876539045,6447.791603774088,1.0403108984807792,532,500,6365.325908756855,5605.520000000001,1.1355460169184757,246,279,5555.555555555557,5323.801081692168,1.0435317680557903
217,4291,8,4373,5613,1553.3195430517671,1427.714079919776,1.087976622839672,733,292,1533.606680948242,1665.4156502158003,0.9208552115800769,641,682,1678.5638664236117,1677.5311529828605,1.000615615059616,795,1143,1722.1945334440884,1458.2352621495365,1.1810128160701985,1399,2181,1489.9798232271496,1387.5765463095581,1.073800092102988,805,1315,1560.0169746537558,1424.3779727912793,1.0952268319599692
218,6620,9,6299,8200,1218.1143114691408,1210.0520523497917,1.006662737444801,1019,491,1237.6716768060435,1215.732471658903,1.0180460797573365,937,1084,1165.5650712041083,1212.6911398265277,0.9611392653292078,1310,1675,1221.280811141542,1174.3301403430607,1.039980810494028,1734,3038,1216.7132949930092,1245.3556248892132,0.9770006821153981,1299,1912,1451.2792157880672,1322.1713555434953,1.0976483567755864
219,2979,10,7986,9883,1081.9281225239586,1069.0323163692528,1.012063064845882,1479,704,1083.0326395089055,1451.8498192148759,0.7459674032225885,1124,1187,1061.6475221945009,1073.4728727175686,0.9889840248192475,1543,1909,1121.7217051564378,1070.8532080813745,1.0475027732010098,2146,3731,1087.738604690753,1086.7857521798464,1.0008767620563623,1694,2352,1160.9974226696347,1104.6070213799806,1.0510501926913391
220,812,1,1142,1402,10000.0,10000.0,1.0,208,164,10000.0,10000.0,1.0,199,189,10000.0,10000.0,1.0,216,259,10000.0,10000.0,1.0,355,531,10000.0,10000.0,1.0,164,259,10000.0,10000.0,1.0
221,4879,3,3212,4089,3339.0798670614095,3366.301192451807,0.9919135799697795,599,342,3404.3662085668657,3743.8870079682633,0.9093132889217057,427,582,3443.7198690279656,3366.162421322374,1.023040316538001,526,816,3349.5496537466206,3362.79916378316,0.9960599758144243,1043,1589,3333.3762314438864,3365.6855006552687,0.9904003896962174,617,760,3335.977661555758,3353.4972299168976,0.9947757319717322
222,2773,5,3187,3848,2367.8825838692624,2356.4540371972803,1.0048498916132371,346,194,2328.6778709612754,2523.6475714741205,0.9227428969414462,468,541,2339.8349039374684,2465.3120633044164,0.9491029305236259,726,807,2344.0642336209576,2300.1801154397167,1.019078557321087,960,1383,2541.8402777777783,2497.891711616473,1.0175942639774662,687,923,2267.83962506012,2217.2152843722893,1.0228323974873568
223,656,14,8412,9593,821.6668599914666,779.4388931720547,1.0541773924669813,1636,517,905.8634871862314,839.9522614099346,1.0784702045633627,1170,1166,857.0677186061802,796.3335088808406,1.0762673038972013,1668,2050,852.2965800021854,788.3831052944676,1.0810690567548953,2391,3678,831.6965142356472,811.1070601590044,1.025384385228513,1547,2182,836.1283949709366,782.5925138685737,1.0684083736473788
224,2967,5,3363,3452,2333.3907173524058,2187.3157985898983,1.0667827292504712,344,511,2351.777988101676,2311.8401047790103,1.017275365731439,920,876,2430.458412098299,2276.0159296094744,1.0678565033221556,962,918,2480.6471272167737,2190.5867164101182,1.1324122020067755,758,771,2223.6339206772436,2139.875950683079,1.0391415072296262,379,376,2199.3024275798693,2065.697148030783,1.064678057805546
225,7461,6,3770,4269,2003.0493424987162,1943.1128476877734,1.0308456067707363,607,261,2343.4179492955604,2511.266716577855,0.9331617123046871,690,723,2293.635790800252,1972.59000361564,1.162753429043113,841,1041,1961.186572239322,1881.4669630638534,1.0423709853749705,952,1364,1909.5800084739778,2034.0274851437468,0.9388172099056105,680,880,1917.3875432525952,1865.4958677685947,1.0278165587930626
226,3884,1,1100,871,10000.0,10000.0,1.0,111,285,10000.0,10000.0,1.0,223,215,10000.0,10000.0,1.0,391,215,10000.0,10000.0,1.0,319,122,10000.0,10000.0,1.0,56,34,10000.0,10000.0,1.0
227,1276,5,3596,4209,2345.5597679290177,2365.5839140476737,0.9915352205433315,215,684,2433.5316387236344,2802.443486884853,0.868360646740001,617,528,2341.9379073206733,2308.8125573921034,1.014347353501051,924,1021,2391.3766608571805,2470.384415041235,0.9680180324555943,1240,1305,2401.4438085327783,2545.088885952936,0.9435598975686172,600,671,2647.9444444444453,2775.735661567916,0.9539613159520796
228,422,6,4088,5364,1907.3245736650824,1830.1380596247193,1.0421752411707075,909,300,1914.7360280582511,2047.5555555555557,0.9351326379707109,510,567,1946.3283352556712,1879.5977467347252,1.035502590188178,639,1116,2017.7017591551746,1928.4342441643864,1.0462901523663146,1228,2096,1920.391728294199,1802.3425208321191,1.06549765435683,802,1285,1916.281615164085,1824.929976229769,1.05005761323678
229,3598,5,2860,2665,2512.741454349846,2209.4470394841055,1.1372716383084513,336,189,2193.700396825397,2299.767643682988,0.9538791463785757,474,423,3006.3736224607883,2356.9684064628987,1.2755256346318413,654,654,2574.9328994005364,2184.1128225270973,1.1789376779635614,931,1015,2448.8757569849126,2207.372175980975,1.1094077308900623,465,384,2631.3793502138974,2182.2102864583335,1.2058321631709255
230,4370,2,1412,1582,6307.299231997689,6153.942664073225,1.0249200514687538,111,74,5682.168655141629,5525.931336742146,1.0282734816773154,251,341,6320.693322328217,5879.292403746098,1.0750772181871533,437,512,6546.03626766648,6329.345703125,1.034235855443082,423,415,6340.224334792012,6392.393671069822,0.9918388417606516,190,240,6121.883656509696,6050.347222222223,1.0118235254374706
231,4978,8,4897,4197,1407.425057470392,1303.313024853122,1.0798825996763157,537,479,1546.9415921961097,2385.7549435366827,0.6484075811671159,909,686,1388.135513221289,1402.9443514182017,0.989444457877504,1198,1086,1418.2652779674527,1320.8795010327322,1.0737279796215924,1565,1320,1474.5194908593533,1342.8145087235996,1.098081292151769,688,626,1480.9947944835046,1465.2594187957416,1.0107389691449282
232,2320,7,3622,4405,1799.685095165107,1725.2466949511763,1.043146525324042,802,241,1983.0100559076122,1754.6185499560956,1.1301659018464334,548,459,1801.9074005008256,1694.3625671038208,1.0634721490458985,679,915,1859.5092410436382,1807.1008390814893,1.0290013710517598,980,1786,1764.4523115368597,1773.862654539663,0.9946949990864736,613,1004,1733.5384238721128,1704.6951635688324,1.016919893315645
233,3890,3,1887,2197,3997.510088410677,4019.2122787539347,0.9946003871310858,406,192,4218.738625057633,4303.927951388889,0.9802066095684141,312,225,3620.151216305063,3934.2222222222226,0.9201694799690907,310,387,4318.626430801249,4416.601566412275,0.9778166234518152,545,929,4071.9468058244256,4019.5656985009987,1.0130315340642302,314,464,4110.308734634265,4228.504013079667,0.9720479682460278
234,6406,1,1010,1088,10000.0,10000.0,1.0,69,90,10000.0,10000.0,1.0,147,213,10000.0,10000.0,1.0,279,304,10000.0,10000.0,1.0,334,330,10000.0,10000.0,1.0,181,151,10000.0,10000.0,1.0
235,4105,5,3914,4635,2151.5874385648103,2191.6909588760536,0.9817020186405253,628,371,2040.245040366749,2321.0380627865243,0.8790226550258857,595,636,2111.630534566768,2189.935129148372,0.9642434182002205,821,1020,2192.2553672551076,2211.0149942329876,0.9915153777668577,1133,1692,2311.985223835368,2195.200330857491,1.0532001072231336,737,916,2171.828657379195,2184.335729677161,0.9942741987286843
236,5606,2,1323,1103,6263.262506648749,5547.525951230017,1.1290190549284471,188,80,6046.287913082843,6128.125,0.9866456563929168,275,169,6428.6942148760345,5323.69314799902,1.207562877152742,327,310,6432.024988543801,5826.014568158169,1.104018006356825,335,331,6333.437291156159,5759.4399466963605,1.09966200703057,198,213,5899.908172635446,5092.684432101214,1.1585065305531166
237,7663,6,2863,3108,2075.4848648290567,2036.768566691347,1.019008687963308,505,213,1842.44681893932,2986.841235204655,0.6168546212711831,537,525,2715.513803494828,2821.043083900227,0.9625921060874052,603,694,2503.0458542005285,2177.2043618001976,1.1496604995458086,736,1037,1931.4892485822306,1822.7882708168079,1.0596344509703877,482,639,1897.5224255780722,1795.8175063246808,1.0566343288753992
238,6206,5,3677,4890,2284.2158648654186,2320.563229494691,0.9843368350548297,444,210,2396.619592565539,2318.820861678005,1.033550987992766,446,590,2256.128214924893,2322.37862683137,0.971473035817218,754,1232,2334.4285824849258,2415.405211671445,0.9664749298398325,1256,1902,2288.061888920443,2297.868976261636,0.9957320946309358,777,956,2262.1573586824557,2300.1391782356754,0.9834871646409007
239,518,8,4090,3877,1491.9709949127518,1380.3587208918239,1.0808574411358935,553,386,1582.2621309379383,1329.7001261778842,1.1899390695600092,771,764,1531.506070409006,1392.9853896548886,1.0994415891098728,1046,906,1465.9140347092996,1324.9906193198153,1.1063580476228785,1043,1146,1537.0423652547368,1498.6949066332854,1.025587234901329,677,675,1635.5718272245485,1727.8902606310012,0.9465715876118549
240,8204,5,2948,3673,2265.4252175658035,2260.6619603438726,1.0021070187871903,336,244,2150.120464852608,2220.84117172803,0.968155891661359,490,551,2135.693461057893,2220.4472317284853,0.9618303153258829,768,991,2256.130642361111,2245.894177771487,1.004557857040166,889,1321,2499.073161411629,2377.3252318999953,1.0512121471130522,465,566,2374.147300265927,2259.049307645245,1.0509497478568346
241,2319,1,965,1210,10000.0,10000.0,1.0,226,78,10000.0,10000.0,1.0,121,134,10000.0,10000.0,1.0,152,236,10000.0,10000.0,1.0,299,528,10000.0,10000.0,1.0,167,234,10000.0,10000.0,1.0
